# Blender 5.2.2 LTS
# www.blender.org
mtllib old_wooden_chair.mtl
o Cube.052
v 0.473282 9.294383 0.392308
v 0.473282 9.856980 0.392308
v 0.498512 9.294383 0.332771
v 0.498512 9.856980 0.332771
v 0.540071 9.294383 0.420611
v 0.540071 9.856980 0.420611
v 0.565301 9.294383 0.361074
v 0.565301 9.856980 0.361074
vn -0.9207 -0.0000 -0.3902
vn 0.3902 -0.0000 -0.9207
vn 0.9207 -0.0000 0.3902
vn -0.3902 -0.0000 0.9207
vn -0.0000 -1.0000 -0.0000
vn -0.0000 1.0000 -0.0000
vt 0.375000 0.000000
vt 0.625000 0.000000
vt 0.625000 0.250000
vt 0.375000 0.250000
vt 0.625000 0.500000
vt 0.375000 0.500000
vt 0.625000 0.750000
vt 0.375000 0.750000
vt 0.625000 1.000000
vt 0.375000 1.000000
vt 0.125000 0.500000
vt 0.125000 0.750000
vt 0.875000 0.500000
vt 0.875000 0.750000
s 0
usemtl Material.036
f 1/1/1 2/2/1 4/3/1 3/4/1
f 3/4/2 4/3/2 8/5/2 7/6/2
f 7/6/3 8/5/3 6/7/3 5/8/3
f 5/8/4 6/7/4 2/9/4 1/10/4
f 3/11/5 7/6/5 5/8/5 1/12/5
f 8/5/6 4/13/6 2/14/6 6/7/6
o Cube.053
v 0.210654 9.294383 1.012059
v 0.210654 9.856980 1.012059
v 0.235883 9.294383 0.952522
v 0.235883 9.856980 0.952522
v 0.277443 9.294383 1.040362
v 0.277443 9.856980 1.040362
v 0.302673 9.294383 0.980825
v 0.302673 9.856980 0.980825
vn -0.9207 -0.0000 -0.3902
vn 0.3902 -0.0000 -0.9207
vn 0.9207 -0.0000 0.3902
vn -0.3902 -0.0000 0.9207
vn -0.0000 -1.0000 -0.0000
vn -0.0000 1.0000 -0.0000
vt 0.375000 0.000000
vt 0.625000 0.000000
vt 0.625000 0.250000
vt 0.375000 0.250000
vt 0.625000 0.500000
vt 0.375000 0.500000
vt 0.625000 0.750000
vt 0.375000 0.750000
vt 0.625000 1.000000
vt 0.375000 1.000000
vt 0.125000 0.500000
vt 0.125000 0.750000
vt 0.875000 0.500000
vt 0.875000 0.750000
s 0
usemtl Material.037
f 9/15/7 10/16/7 12/17/7 11/18/7
f 11/18/8 12/17/8 16/19/8 15/20/8
f 15/20/9 16/19/9 14/21/9 13/22/9
f 13/22/10 14/21/10 10/23/10 9/24/10
f 11/25/11 15/20/11 13/22/11 9/26/11
f 16/19/12 12/27/12 10/28/12 14/21/12
o Cube.054
v 0.803168 9.294383 1.263145
v 0.803168 9.856980 1.263145
v 0.828398 9.294383 1.203609
v 0.828398 9.856980 1.203609
v 0.869958 9.294383 1.291448
v 0.869958 9.856980 1.291448
v 0.895187 9.294383 1.231912
v 0.895187 9.856980 1.231912
vn -0.9207 -0.0000 -0.3902
vn 0.3902 -0.0000 -0.9207
vn 0.9207 -0.0000 0.3902
vn -0.3902 -0.0000 0.9207
vn -0.0000 -1.0000 -0.0000
vn -0.0000 1.0000 -0.0000
vt 0.375000 0.000000
vt 0.625000 0.000000
vt 0.625000 0.250000
vt 0.375000 0.250000
vt 0.625000 0.500000
vt 0.375000 0.500000
vt 0.625000 0.750000
vt 0.375000 0.750000
vt 0.625000 1.000000
vt 0.375000 1.000000
vt 0.125000 0.500000
vt 0.125000 0.750000
vt 0.875000 0.500000
vt 0.875000 0.750000
s 0
usemtl Material.032
f 17/29/13 18/30/13 20/31/13 19/32/13
f 19/32/14 20/31/14 24/33/14 23/34/14
f 23/34/15 24/33/15 22/35/15 21/36/15
f 21/36/16 22/35/16 18/37/16 17/38/16
f 19/39/17 23/34/17 21/36/17 17/40/17
f 24/33/18 20/41/18 18/42/18 22/35/18
o Cube.055
v 1.065797 9.294383 0.643394
v 1.065797 9.856980 0.643394
v 1.091026 9.294383 0.583858
v 1.091026 9.856980 0.583858
v 1.132586 9.294383 0.671697
v 1.132586 9.856980 0.671697
v 1.157815 9.294383 0.612160
v 1.157815 9.856980 0.612160
vn -0.9207 -0.0000 -0.3902
vn 0.3902 -0.0000 -0.9207
vn 0.9207 -0.0000 0.3902
vn -0.3902 -0.0000 0.9207
vn -0.0000 -1.0000 -0.0000
vn -0.0000 1.0000 -0.0000
vt 0.375000 0.000000
vt 0.625000 0.000000
vt 0.625000 0.250000
vt 0.375000 0.250000
vt 0.625000 0.500000
vt 0.375000 0.500000
vt 0.625000 0.750000
vt 0.375000 0.750000
vt 0.625000 1.000000
vt 0.375000 1.000000
vt 0.125000 0.500000
vt 0.125000 0.750000
vt 0.875000 0.500000
vt 0.875000 0.750000
s 0
usemtl Material.033
f 25/43/19 26/44/19 28/45/19 27/46/19
f 27/46/20 28/45/20 32/47/20 31/48/20
f 31/48/21 32/47/21 30/49/21 29/50/21
f 29/50/22 30/49/22 26/51/22 25/52/22
f 27/53/23 31/48/23 29/50/23 25/54/23
f 32/47/24 28/55/24 26/56/24 30/49/24
o Cube.056
v 0.249287 9.602411 0.978666
v 0.249287 9.548952 0.978666
v 0.513037 9.602411 0.356269
v 0.513037 9.548952 0.356269
v 0.274566 9.602411 0.989378
v 0.274566 9.548952 0.989378
v 0.538315 9.602411 0.366981
v 0.538315 9.548952 0.366981
vn -0.9207 -0.0000 -0.3902
vn 0.3902 -0.0000 -0.9207
vn 0.9207 -0.0000 0.3902
vn -0.3902 -0.0000 0.9207
vn -0.0000 1.0000 -0.0000
vn -0.0000 -1.0000 -0.0000
vt 0.375000 0.000000
vt 0.625000 0.000000
vt 0.625000 0.250000
vt 0.375000 0.250000
vt 0.625000 0.500000
vt 0.375000 0.500000
vt 0.625000 0.750000
vt 0.375000 0.750000
vt 0.625000 1.000000
vt 0.375000 1.000000
vt 0.125000 0.500000
vt 0.125000 0.750000
vt 0.875000 0.500000
vt 0.875000 0.750000
s 0
usemtl Material.035
f 33/57/25 35/60/25 36/59/25 34/58/25
f 35/60/26 39/62/26 40/61/26 36/59/26
f 39/62/27 37/64/27 38/63/27 40/61/27
f 37/64/28 33/66/28 34/65/28 38/63/28
f 35/67/29 33/68/29 37/64/29 39/62/29
f 40/61/30 38/63/30 34/70/30 36/69/30
o Cube.057
v 0.840867 9.602411 1.229356
v 0.840867 9.548952 1.229356
v 1.104616 9.602411 0.606959
v 1.104616 9.548952 0.606959
v 0.866145 9.602411 1.240068
v 0.866145 9.548952 1.240068
v 1.129895 9.602411 0.617671
v 1.129895 9.548952 0.617671
vn -0.9207 -0.0000 -0.3902
vn 0.3902 -0.0000 -0.9207
vn 0.9207 -0.0000 0.3902
vn -0.3902 -0.0000 0.9207
vn -0.0000 1.0000 -0.0000
vn -0.0000 -1.0000 -0.0000
vt 0.375000 0.000000
vt 0.625000 0.000000
vt 0.625000 0.250000
vt 0.375000 0.250000
vt 0.625000 0.500000
vt 0.375000 0.500000
vt 0.625000 0.750000
vt 0.375000 0.750000
vt 0.625000 1.000000
vt 0.375000 1.000000
vt 0.125000 0.500000
vt 0.125000 0.750000
vt 0.875000 0.500000
vt 0.875000 0.750000
s 0
usemtl Material.034
f 41/71/31 43/74/31 44/73/31 42/72/31
f 43/74/32 47/76/32 48/75/32 44/73/32
f 47/76/33 45/78/33 46/77/33 48/75/33
f 45/78/34 41/80/34 42/79/34 46/77/34
f 43/81/35 41/82/35 45/78/35 47/76/35
f 48/75/36 46/77/36 42/84/36 44/83/36
o Cube.058
v 0.167277 10.821128 1.114420
v 0.210654 9.845700 1.012059
v 0.191647 10.840460 1.056912
v 0.235883 9.845700 0.952522
v 0.234066 10.821128 1.142722
v 0.277443 9.845700 1.040362
v 0.258436 10.840460 1.085215
v 0.302673 9.845700 0.980825
v 0.208990 10.038336 1.015985
v 0.234186 10.042153 0.956527
v 0.300976 10.042153 0.984830
v 0.275779 10.038336 1.044288
v 0.228051 10.267246 0.971005
v 0.294840 10.267246 0.999308
v 0.269763 10.259054 1.058485
v 0.202974 10.259054 1.030182
v 0.220006 10.444957 0.989989
v 0.286796 10.444957 1.018292
v 0.261875 10.433311 1.077100
v 0.195085 10.433311 1.048797
v 0.208986 10.624018 1.015996
v 0.275775 10.624018 1.044299
v 0.251068 10.608892 1.102602
v 0.184279 10.608892 1.074299
vn -0.9207 -0.0000 -0.3902
vn 0.3901 0.0221 -0.9205
vn 0.9207 -0.0000 0.3902
vn -0.3901 -0.0221 0.9205
vn -0.1154 0.9553 0.2722
vn -0.0000 -1.0000 -0.0000
vn -0.3892 -0.0697 0.9185
vn 0.3892 0.0697 -0.9185
vn 0.3876 0.1152 -0.9146
vn -0.3876 -0.1152 0.9146
vn -0.3854 -0.1558 0.9095
vn 0.3854 0.1558 -0.9095
vn 0.3822 0.2011 -0.9019
vn -0.3822 -0.2011 0.9019
vt 0.576169 0.000000
vt 0.625000 0.000000
vt 0.625000 0.250000
vt 0.576169 0.250000
vt 0.625000 0.500000
vt 0.576169 0.500000
vt 0.625000 0.750000
vt 0.576169 0.750000
vt 0.625000 1.000000
vt 0.576169 1.000000
vt 0.125000 0.500000
vt 0.375000 0.500000
vt 0.375000 0.750000
vt 0.125000 0.750000
vt 0.875000 0.500000
vt 0.875000 0.750000
vt 0.520053 0.750000
vt 0.520053 1.000000
vt 0.520053 0.500000
vt 0.520053 0.250000
vt 0.520053 0.000000
vt 0.475501 0.000000
vt 0.475501 0.250000
vt 0.475501 0.500000
vt 0.475501 0.750000
vt 0.475501 1.000000
vt 0.430276 0.750000
vt 0.430276 1.000000
vt 0.430276 0.500000
vt 0.430276 0.250000
vt 0.430276 0.000000
vt 0.375000 0.000000
vt 0.375000 0.250000
vt 0.375000 1.000000
s 0
usemtl Material.031
f 57/85/37 58/88/37 52/87/37 50/86/37
f 58/88/38 59/90/38 56/89/38 52/87/38
f 59/90/39 60/92/39 54/91/39 56/89/39
f 60/92/40 57/94/40 50/93/40 54/91/40
f 51/95/41 49/98/41 53/97/41 55/96/41
f 56/89/42 54/91/42 50/100/42 52/99/42
f 63/101/43 64/102/43 57/94/43 60/92/43
f 62/103/39 63/101/39 60/92/39 59/90/39
f 61/104/44 62/103/44 59/90/44 58/88/44
f 64/105/37 61/104/37 58/88/37 57/85/37
f 68/106/37 65/107/37 61/104/37 64/105/37
f 65/107/45 66/108/45 62/103/45 61/104/45
f 66/108/39 67/109/39 63/101/39 62/103/39
f 67/109/46 68/110/46 64/102/46 63/101/46
f 71/111/47 72/112/47 68/110/47 67/109/47
f 70/113/39 71/111/39 67/109/39 66/108/39
f 69/114/48 70/113/48 66/108/48 65/107/48
f 72/115/37 69/114/37 65/107/37 68/106/37
f 49/116/37 51/117/37 69/114/37 72/115/37
f 51/117/49 55/96/49 70/113/49 69/114/49
f 55/96/39 53/97/39 71/111/39 70/113/39
f 53/97/50 49/118/50 72/112/50 71/111/50
o Cube.059
v 0.757651 10.821128 1.364599
v 0.801028 9.845700 1.262238
v 0.782021 10.840460 1.307091
v 0.826257 9.845700 1.202702
v 0.824440 10.821128 1.392902
v 0.867817 9.845700 1.290541
v 0.848810 10.840460 1.335394
v 0.893047 9.845700 1.231004
v 0.799364 10.038336 1.266165
v 0.824560 10.042153 1.206706
v 0.891350 10.042153 1.235009
v 0.866153 10.038336 1.294468
v 0.818425 10.267246 1.221184
v 0.885215 10.267246 1.249487
v 0.860137 10.259054 1.308664
v 0.793348 10.259054 1.280361
v 0.810380 10.444957 1.240168
v 0.877170 10.444957 1.268471
v 0.852249 10.433311 1.327280
v 0.785460 10.433311 1.298977
v 0.799360 10.624018 1.266175
v 0.866149 10.624018 1.294478
v 0.841442 10.608892 1.352781
v 0.774653 10.608892 1.324478
vn -0.9207 -0.0000 -0.3902
vn 0.3901 0.0221 -0.9205
vn 0.9207 -0.0000 0.3902
vn -0.3901 -0.0221 0.9205
vn -0.1154 0.9553 0.2722
vn -0.0000 -1.0000 -0.0000
vn -0.3892 -0.0697 0.9185
vn 0.3892 0.0697 -0.9185
vn 0.3876 0.1152 -0.9146
vn -0.3876 -0.1152 0.9146
vn -0.3854 -0.1558 0.9095
vn 0.3854 0.1558 -0.9095
vn 0.3822 0.2011 -0.9019
vn -0.3822 -0.2011 0.9019
vt 0.576169 0.000000
vt 0.625000 0.000000
vt 0.625000 0.250000
vt 0.576169 0.250000
vt 0.625000 0.500000
vt 0.576169 0.500000
vt 0.625000 0.750000
vt 0.576169 0.750000
vt 0.625000 1.000000
vt 0.576169 1.000000
vt 0.125000 0.500000
vt 0.375000 0.500000
vt 0.375000 0.750000
vt 0.125000 0.750000
vt 0.875000 0.500000
vt 0.875000 0.750000
vt 0.520053 0.750000
vt 0.520053 1.000000
vt 0.520053 0.500000
vt 0.520053 0.250000
vt 0.520053 0.000000
vt 0.475501 0.000000
vt 0.475501 0.250000
vt 0.475501 0.500000
vt 0.475501 0.750000
vt 0.475501 1.000000
vt 0.430276 0.750000
vt 0.430276 1.000000
vt 0.430276 0.500000
vt 0.430276 0.250000
vt 0.430276 0.000000
vt 0.375000 0.000000
vt 0.375000 0.250000
vt 0.375000 1.000000
s 0
usemtl Material.030
f 81/119/51 82/122/51 76/121/51 74/120/51
f 82/122/52 83/124/52 80/123/52 76/121/52
f 83/124/53 84/126/53 78/125/53 80/123/53
f 84/126/54 81/128/54 74/127/54 78/125/54
f 75/129/55 73/132/55 77/131/55 79/130/55
f 80/123/56 78/125/56 74/134/56 76/133/56
f 87/135/57 88/136/57 81/128/57 84/126/57
f 86/137/53 87/135/53 84/126/53 83/124/53
f 85/138/58 86/137/58 83/124/58 82/122/58
f 88/139/51 85/138/51 82/122/51 81/119/51
f 92/140/51 89/141/51 85/138/51 88/139/51
f 89/141/59 90/142/59 86/137/59 85/138/59
f 90/142/53 91/143/53 87/135/53 86/137/53
f 91/143/60 92/144/60 88/136/60 87/135/60
f 95/145/61 96/146/61 92/144/61 91/143/61
f 94/147/53 95/145/53 91/143/53 90/142/53
f 93/148/62 94/147/62 90/142/62 89/141/62
f 96/149/51 93/148/51 89/141/51 92/140/51
f 73/150/51 75/151/51 93/148/51 96/149/51
f 75/151/63 79/130/63 94/147/63 93/148/63
f 79/130/53 77/131/53 95/145/53 94/147/53
f 77/131/64 73/152/64 96/146/64 95/145/64
o Cube.060
v 0.273815 9.837029 0.988552
v 0.255897 9.839054 1.034119
v 0.228726 9.839054 0.969463
v 0.271810 9.837042 0.993653
v 0.269830 9.837080 0.998690
v 0.267900 9.837143 1.003600
v 0.266044 9.837230 1.008321
v 0.264286 9.837339 1.012794
v 0.262648 9.837471 1.016961
v 0.261150 9.837623 1.020771
v 0.268769 9.837042 0.986414
v 0.266652 9.837056 0.991603
v 0.264582 9.837096 0.996772
v 0.262604 9.837162 1.001744
v 0.260757 9.837252 1.006427
v 0.259055 9.837360 1.010776
v 0.257500 9.837487 1.014759
v 0.256087 9.837631 1.018362
v 0.263785 9.837080 0.984304
v 0.261512 9.837096 0.989486
v 0.259354 9.837139 0.994707
v 0.257392 9.837208 0.999689
v 0.255643 9.837296 1.004303
v 0.254085 9.837402 1.008506
v 0.252682 9.837523 1.012286
v 0.251389 9.837658 1.015662
v 0.258926 9.837143 0.982246
v 0.256556 9.837162 0.987405
v 0.254391 9.837208 0.992612
v 0.252526 9.837276 0.997559
v 0.250957 9.837362 1.002085
v 0.249617 9.837463 1.006140
v 0.248420 9.837575 1.009724
v 0.247277 9.837699 1.012869
v 0.254255 9.837230 0.980268
v 0.251891 9.837252 0.985419
v 0.249827 9.837297 0.990595
v 0.248151 9.837363 0.995486
v 0.246833 9.837443 0.999916
v 0.245767 9.837535 1.003829
v 0.244811 9.837635 1.007231
v 0.243835 9.837748 1.010151
v 0.249830 9.837339 0.978394
v 0.247574 9.837361 0.983568
v 0.245709 9.837404 0.988729
v 0.244291 9.837464 0.993573
v 0.243269 9.837535 0.997921
v 0.242506 9.837614 1.001715
v 0.241829 9.837701 1.004951
v 0.241049 9.837798 1.007635
v 0.245706 9.837471 0.976648
v 0.243637 9.837489 0.981871
v 0.242024 9.837525 0.987052
v 0.240889 9.837576 0.991891
v 0.240163 9.837636 0.996208
v 0.239714 9.837701 0.999928
v 0.239386 9.837770 1.003021
v 0.238880 9.837848 1.005434
v 0.237446 9.837885 1.003836
v 0.250963 9.839054 1.031695
v 0.246315 9.839054 1.028729
v 0.242013 9.839054 1.025256
v 0.238111 9.839054 1.021323
v 0.234658 9.839054 1.016977
v 0.231697 9.839054 1.012274
v 0.229266 9.839054 1.007273
v 0.256011 9.838827 1.033832
v 0.250971 9.838824 1.031337
v 0.246202 9.838823 1.028252
v 0.241858 9.838822 1.024680
v 0.238008 9.838822 1.020719
v 0.234673 9.838822 1.016443
v 0.231862 9.838822 1.011914
v 0.229569 9.838822 1.007172
v 0.256348 9.838604 1.032976
v 0.251278 9.838594 1.030407
v 0.246458 9.838591 1.027228
v 0.242130 9.838591 1.023606
v 0.238376 9.838593 1.019682
v 0.235191 9.838596 1.015546
v 0.232549 9.838599 1.011257
v 0.230410 9.838601 1.006824
v 0.256905 9.838386 1.031561
v 0.251848 9.838372 1.028915
v 0.247057 9.838367 1.025691
v 0.242796 9.838370 1.022089
v 0.239158 9.838379 1.018281
v 0.236124 9.838388 1.014363
v 0.233646 9.838397 1.010373
v 0.231662 9.838401 1.006286
v 0.257675 9.838176 1.029605
v 0.252647 9.838162 1.026910
v 0.247921 9.838161 1.023705
v 0.243753 9.838171 1.020211
v 0.240234 9.838187 1.016612
v 0.237337 9.838205 1.012993
v 0.235001 9.838221 1.009356
v 0.233163 9.838226 1.005644
v 0.258648 9.837976 1.027133
v 0.253638 9.837969 1.024448
v 0.248971 9.837975 1.021344
v 0.244883 9.837994 1.018042
v 0.241456 9.838019 1.014725
v 0.238663 9.838048 1.011468
v 0.236444 9.838071 1.008248
v 0.234749 9.838081 1.004971
v 0.259811 9.837791 1.024176
v 0.254794 9.837791 1.021587
v 0.250142 9.837808 1.018660
v 0.246080 9.837837 1.015604
v 0.242688 9.837874 1.012596
v 0.239946 9.837914 1.009727
v 0.237811 9.837948 1.007027
v 0.236271 9.837965 1.004330
v 0.229010 9.838827 0.969583
v 0.229858 9.838604 0.969941
v 0.231259 9.838386 0.970533
v 0.233195 9.838176 0.971352
v 0.235641 9.837976 0.972387
v 0.238568 9.837791 0.973626
v 0.241937 9.837623 0.975052
v 0.227004 9.839054 0.974684
v 0.227285 9.838822 0.974880
v 0.228177 9.838592 0.975295
v 0.229639 9.838370 0.975937
v 0.231614 9.838162 0.976779
v 0.234047 9.837970 0.977801
v 0.236883 9.837792 0.978990
v 0.240083 9.837632 0.980341
v 0.225871 9.839054 0.980080
v 0.226149 9.838820 0.980435
v 0.227079 9.838587 0.980935
v 0.228597 9.838365 0.981580
v 0.230600 9.838161 0.982362
v 0.232996 9.837976 0.983280
v 0.235714 9.837809 0.984347
v 0.238719 9.837660 0.985585
v 0.225341 9.839054 0.985583
v 0.225652 9.838820 0.986060
v 0.226627 9.838586 0.986592
v 0.228180 9.838367 0.987167
v 0.230175 9.838170 0.987800
v 0.232496 9.837994 0.988524
v 0.235063 9.837838 0.989397
v 0.237850 9.837700 0.990481
v 0.225420 9.839054 0.991123
v 0.225785 9.838820 0.991620
v 0.226797 9.838590 0.992077
v 0.228348 9.838376 0.992484
v 0.230282 9.838186 0.992874
v 0.232472 9.838019 0.993323
v 0.234849 9.837874 0.993944
v 0.237396 9.837748 0.994849
v 0.226108 9.839054 0.996631
v 0.226511 9.838820 0.997025
v 0.227524 9.838593 0.997288
v 0.229023 9.838387 0.997430
v 0.230840 9.838204 0.997505
v 0.232848 9.838048 0.997619
v 0.234985 9.837914 0.997922
v 0.237251 9.837798 0.998602
v 0.227395 9.839054 1.002037
v 0.227784 9.838821 1.002218
v 0.228741 9.838598 1.002194
v 0.230136 9.838396 1.002008
v 0.231801 9.838220 1.001732
v 0.233596 9.838071 1.001467
v 0.235421 9.837948 1.001342
v 0.237308 9.837848 1.001693
v 0.255897 9.866154 1.034119
v 0.273815 9.868178 0.988552
v 0.228726 9.866154 0.969463
v 0.256011 9.866381 1.033832
v 0.256348 9.866604 1.032976
v 0.256905 9.866822 1.031561
v 0.257675 9.867032 1.029605
v 0.258648 9.867231 1.027133
v 0.259811 9.867416 1.024176
v 0.261150 9.867585 1.020771
v 0.250963 9.866154 1.031695
v 0.251019 9.866385 1.031358
v 0.251347 9.866616 1.030430
v 0.251911 9.866838 1.028937
v 0.252692 9.867045 1.026936
v 0.253665 9.867238 1.024483
v 0.254800 9.867415 1.021625
v 0.256074 9.867576 1.018393
v 0.246315 9.866154 1.028729
v 0.246257 9.866387 1.028282
v 0.246550 9.866621 1.027267
v 0.247151 9.866843 1.025732
v 0.247994 9.867047 1.023754
v 0.249015 9.867232 1.021399
v 0.250156 9.867399 1.018711
v 0.251374 9.867548 1.015699
v 0.242013 9.866154 1.025256
v 0.241890 9.866388 1.024700
v 0.242193 9.866622 1.023631
v 0.242868 9.866840 1.022120
v 0.243813 9.867038 1.020252
v 0.244919 9.867214 1.018086
v 0.246093 9.867370 1.015642
v 0.247268 9.867508 1.012893
v 0.238111 9.866154 1.021323
v 0.238012 9.866388 1.020714
v 0.238393 9.866618 1.019672
v 0.239188 9.866832 1.018279
v 0.240263 9.867022 1.016624
v 0.241475 9.867188 1.014745
v 0.242694 9.867333 1.012614
v 0.243831 9.867460 1.010160
v 0.234658 9.866154 1.016977
v 0.234658 9.866387 1.016413
v 0.235180 9.866614 1.015505
v 0.236127 9.866821 1.014335
v 0.237345 9.867003 1.012985
v 0.238669 9.867160 1.011470
v 0.239948 9.867294 1.009732
v 0.241048 9.867410 1.007638
v 0.231697 9.866154 1.012274
v 0.231840 9.866386 1.011870
v 0.232527 9.866610 1.011203
v 0.233636 9.866812 1.010336
v 0.234999 9.866988 1.009341
v 0.236444 9.867137 1.008244
v 0.237811 9.867260 1.007028
v 0.238880 9.867360 1.005434
v 0.237446 9.867323 1.003836
v 0.268769 9.868166 0.986414
v 0.263785 9.868128 0.984304
v 0.258926 9.868065 0.982246
v 0.254255 9.867978 0.980268
v 0.249830 9.867868 0.978394
v 0.245706 9.867737 0.976648
v 0.241937 9.867585 0.975052
v 0.271810 9.868166 0.993653
v 0.266623 9.868152 0.991533
v 0.261481 9.868112 0.989395
v 0.256546 9.868046 0.987328
v 0.251908 9.867956 0.985370
v 0.247611 9.867847 0.983543
v 0.243678 9.867721 0.981866
v 0.240114 9.867577 0.980354
v 0.269830 9.868128 0.998690
v 0.264538 9.868112 0.996686
v 0.259298 9.868069 0.994575
v 0.254366 9.868000 0.992490
v 0.249847 9.867911 0.990510
v 0.245755 9.867805 0.988682
v 0.242072 9.867684 0.987039
v 0.238755 9.867550 0.985600
v 0.267900 9.868065 1.003600
v 0.262557 9.868046 1.001684
v 0.257322 9.868000 0.999587
v 0.252483 9.867931 0.997456
v 0.248151 9.867846 0.995410
v 0.244317 9.867744 0.993529
v 0.240919 9.867633 0.991876
v 0.237873 9.867509 0.990491
v 0.266044 9.867978 1.008321
v 0.260710 9.867956 1.006405
v 0.255569 9.867910 1.004257
v 0.250902 9.867845 1.002032
v 0.246816 9.867764 0.999873
v 0.243274 9.867673 0.997896
v 0.240175 9.867573 0.996199
v 0.237406 9.867460 0.994853
v 0.264286 9.867868 1.012794
v 0.259011 9.867846 1.010785
v 0.254020 9.867804 1.008505
v 0.249568 9.867743 1.006128
v 0.245746 9.867673 1.003815
v 0.242502 9.867594 1.001706
v 0.239717 9.867507 0.999925
v 0.237253 9.867410 0.998603
v 0.262648 9.867737 1.016961
v 0.257469 9.867719 1.014785
v 0.252639 9.867682 1.012311
v 0.248388 9.867632 1.009735
v 0.244796 9.867572 1.007233
v 0.241824 9.867507 1.004950
v 0.239386 9.867438 1.003020
v 0.237308 9.867360 1.001693
v 0.227004 9.866154 0.974684
v 0.225871 9.866154 0.980080
v 0.225341 9.866154 0.985583
v 0.225420 9.866154 0.991123
v 0.226108 9.866154 0.996631
v 0.227395 9.866154 1.002037
v 0.229266 9.866154 1.007273
v 0.229010 9.866381 0.969583
v 0.227266 9.866384 0.974929
v 0.226132 9.866385 0.980495
v 0.225644 9.866385 0.986097
v 0.225779 9.866385 0.991619
v 0.226500 9.866385 0.996994
v 0.227768 9.866385 1.002172
v 0.229550 9.866385 1.007128
v 0.229858 9.866604 0.969941
v 0.228145 9.866613 0.975360
v 0.227043 9.866617 0.981028
v 0.226602 9.866617 0.986654
v 0.226777 9.866615 0.992082
v 0.227502 9.866611 0.997252
v 0.228717 9.866609 1.002141
v 0.230388 9.866607 1.006771
v 0.231259 9.866822 0.970533
v 0.229610 9.866836 0.975997
v 0.228560 9.866840 0.981676
v 0.228151 9.866838 0.987240
v 0.228325 9.866829 0.992504
v 0.229001 9.866819 0.997413
v 0.230117 9.866811 1.001976
v 0.231648 9.866807 1.006252
v 0.233195 9.867032 0.971352
v 0.231601 9.867045 0.976830
v 0.230583 9.867046 0.982448
v 0.230162 9.867037 0.987870
v 0.230270 9.867021 0.992904
v 0.230828 9.867002 0.997505
v 0.231791 9.866987 1.001719
v 0.233157 9.866982 1.005630
v 0.235641 9.867231 0.972387
v 0.234053 9.867239 0.977844
v 0.233005 9.867233 0.983350
v 0.232502 9.867214 0.988582
v 0.232473 9.867188 0.993351
v 0.232846 9.867160 0.997625
v 0.233592 9.867137 1.001464
v 0.234747 9.867126 1.004967
v 0.238568 9.867416 0.973626
v 0.236906 9.867416 0.979021
v 0.235741 9.867400 0.984392
v 0.235082 9.867371 0.989432
v 0.234857 9.867333 0.993961
v 0.234987 9.867294 0.997927
v 0.235421 9.867260 1.001342
v 0.236271 9.867243 1.004329
v 0.513435 9.837029 0.378560
v 0.468358 9.839054 0.359440
v 0.531322 9.839054 0.332980
v 0.508389 9.837042 0.376421
v 0.503406 9.837080 0.374308
v 0.498549 9.837143 0.372248
v 0.493878 9.837230 0.370268
v 0.489454 9.837339 0.368392
v 0.485332 9.837471 0.366643
v 0.481563 9.837623 0.365045
v 0.515438 9.837042 0.373459
v 0.510304 9.837056 0.371204
v 0.505189 9.837096 0.368996
v 0.500271 9.837162 0.366887
v 0.495638 9.837252 0.364917
v 0.491336 9.837360 0.363100
v 0.487397 9.837487 0.361440
v 0.483832 9.837631 0.359932
v 0.517416 9.837080 0.368420
v 0.512285 9.837096 0.366007
v 0.507119 9.837139 0.363708
v 0.502190 9.837208 0.361615
v 0.497627 9.837296 0.359746
v 0.493471 9.837402 0.358079
v 0.489733 9.837523 0.356578
v 0.486394 9.837658 0.355196
v 0.519344 9.837143 0.363509
v 0.514235 9.837162 0.360996
v 0.509081 9.837208 0.358691
v 0.504188 9.837276 0.356698
v 0.499715 9.837362 0.355013
v 0.495708 9.837463 0.353571
v 0.492167 9.837575 0.352284
v 0.489058 9.837699 0.351060
v 0.521198 9.837230 0.358787
v 0.516095 9.837252 0.356280
v 0.510975 9.837297 0.354080
v 0.506141 9.837363 0.352279
v 0.501767 9.837443 0.350853
v 0.497904 9.837535 0.349692
v 0.494547 9.837635 0.348654
v 0.491662 9.837748 0.347603
v 0.522954 9.837339 0.354314
v 0.517831 9.837361 0.351917
v 0.512729 9.837404 0.349919
v 0.507946 9.837464 0.348383
v 0.503658 9.837535 0.347259
v 0.499919 9.837614 0.346409
v 0.496729 9.837701 0.345658
v 0.494079 9.837798 0.344813
v 0.524590 9.837471 0.350145
v 0.519423 9.837489 0.347938
v 0.514305 9.837525 0.346196
v 0.509533 9.837576 0.344948
v 0.505281 9.837636 0.344126
v 0.501620 9.837701 0.343598
v 0.498578 9.837770 0.343206
v 0.496199 9.837848 0.342644
v 0.497740 9.837885 0.341213
v 0.470644 9.839054 0.354458
v 0.473469 9.839054 0.349779
v 0.476797 9.839054 0.345461
v 0.480585 9.839054 0.341560
v 0.484786 9.839054 0.338124
v 0.489347 9.839054 0.335196
v 0.494211 9.839054 0.332814
v 0.468642 9.838827 0.359561
v 0.470996 9.838824 0.354473
v 0.473935 9.838823 0.349672
v 0.477359 9.838822 0.345314
v 0.481175 9.838822 0.341466
v 0.485311 9.838822 0.338150
v 0.489704 9.838822 0.335371
v 0.494316 9.838822 0.333124
v 0.469489 9.838604 0.359921
v 0.471915 9.838594 0.354803
v 0.474945 9.838591 0.349953
v 0.478419 9.838591 0.345612
v 0.482200 9.838593 0.341861
v 0.486201 9.838596 0.338694
v 0.490361 9.838599 0.336083
v 0.494674 9.838601 0.333988
v 0.470889 9.838386 0.360516
v 0.473391 9.838372 0.355413
v 0.476466 9.838367 0.350592
v 0.479921 9.838370 0.346319
v 0.483591 9.838379 0.342684
v 0.487380 9.838388 0.339668
v 0.491251 9.838397 0.337218
v 0.495225 9.838401 0.335274
v 0.472824 9.838176 0.361337
v 0.475375 9.838162 0.356265
v 0.478431 9.838161 0.351510
v 0.481783 9.838171 0.347330
v 0.485250 9.838187 0.343812
v 0.488748 9.838205 0.340929
v 0.492274 9.838221 0.338617
v 0.495884 9.838226 0.336815
v 0.475269 9.837976 0.362375
v 0.477810 9.837969 0.357322
v 0.480770 9.837975 0.352625
v 0.483934 9.837994 0.348522
v 0.487125 9.838019 0.345093
v 0.490271 9.838048 0.342309
v 0.493389 9.838071 0.340109
v 0.496575 9.838081 0.338444
v 0.478195 9.837791 0.363616
v 0.480641 9.837791 0.358553
v 0.483427 9.837808 0.353869
v 0.486350 9.837837 0.349788
v 0.489240 9.837874 0.346388
v 0.492004 9.837914 0.343649
v 0.494614 9.837948 0.341525
v 0.497233 9.837965 0.340007
v 0.531210 9.838827 0.333267
v 0.530875 9.838604 0.334124
v 0.530320 9.838386 0.335540
v 0.529552 9.838176 0.337497
v 0.528582 9.837976 0.339971
v 0.527421 9.837791 0.342929
v 0.526085 9.837623 0.346335
v 0.526164 9.839054 0.331127
v 0.525977 9.838822 0.331409
v 0.525586 9.838592 0.332310
v 0.524983 9.838370 0.333787
v 0.524194 9.838162 0.335784
v 0.523237 9.837970 0.338244
v 0.522123 9.837792 0.341111
v 0.520857 9.837632 0.344346
v 0.520845 9.839054 0.329870
v 0.520502 9.838820 0.330147
v 0.520028 9.838587 0.331084
v 0.519423 9.838365 0.332619
v 0.518694 9.838161 0.334645
v 0.517837 9.837976 0.337069
v 0.516842 9.837809 0.339818
v 0.515684 9.837660 0.342856
v 0.515432 9.839054 0.329225
v 0.514969 9.838820 0.329534
v 0.514465 9.838586 0.330517
v 0.513930 9.838367 0.332088
v 0.513347 9.838170 0.334109
v 0.512679 9.837994 0.336460
v 0.511872 9.837838 0.339060
v 0.510859 9.837700 0.341878
v 0.509994 9.839054 0.329201
v 0.509513 9.838820 0.329563
v 0.509084 9.838590 0.330586
v 0.508713 9.838376 0.332159
v 0.508367 9.838186 0.334122
v 0.507967 9.838019 0.336345
v 0.507403 9.837874 0.338755
v 0.506563 9.837748 0.341333
v 0.504599 9.839054 0.329798
v 0.504220 9.838820 0.330200
v 0.503981 9.838593 0.331228
v 0.503870 9.838387 0.332752
v 0.503831 9.838204 0.334602
v 0.503757 9.838048 0.336647
v 0.503500 9.837914 0.338818
v 0.502875 9.837798 0.341114
v 0.499316 9.839054 0.331007
v 0.499146 9.838821 0.331400
v 0.499188 9.838598 0.332375
v 0.499396 9.838396 0.333800
v 0.499699 9.838220 0.335502
v 0.499994 9.838071 0.337335
v 0.500151 9.837948 0.339198
v 0.499842 9.837848 0.341113
v 0.513435 9.868178 0.378560
v 0.531322 9.866154 0.332980
v 0.468358 9.866154 0.359440
v 0.515438 9.868166 0.373459
v 0.517416 9.868128 0.368420
v 0.519344 9.868065 0.363509
v 0.521198 9.867978 0.358787
v 0.522954 9.867868 0.354314
v 0.524590 9.867737 0.350145
v 0.526085 9.867585 0.346335
v 0.508389 9.868166 0.376421
v 0.510372 9.868152 0.371175
v 0.512374 9.868112 0.365977
v 0.514309 9.868046 0.360988
v 0.516144 9.867956 0.356299
v 0.517856 9.867847 0.351955
v 0.519428 9.867721 0.347979
v 0.520845 9.867577 0.344377
v 0.503406 9.868128 0.374308
v 0.505273 9.868112 0.368953
v 0.507246 9.868069 0.363655
v 0.509201 9.868000 0.358669
v 0.511059 9.867911 0.354102
v 0.512776 9.867805 0.349966
v 0.514319 9.867684 0.346245
v 0.515669 9.867550 0.342893
v 0.498549 9.868065 0.372248
v 0.500329 9.868046 0.366840
v 0.502289 9.868000 0.361546
v 0.504289 9.867931 0.356655
v 0.506216 9.867846 0.352281
v 0.507990 9.867744 0.348410
v 0.509548 9.867633 0.344979
v 0.510850 9.867509 0.341902
v 0.493878 9.867978 0.370268
v 0.495659 9.867956 0.364869
v 0.497670 9.867910 0.359671
v 0.499766 9.867845 0.354958
v 0.501808 9.867764 0.350836
v 0.503682 9.867673 0.347264
v 0.505290 9.867573 0.344139
v 0.506559 9.867460 0.341343
v 0.489454 9.867868 0.368392
v 0.491327 9.867846 0.363055
v 0.493470 9.867804 0.358013
v 0.495720 9.867743 0.353521
v 0.497918 9.867673 0.349671
v 0.499927 9.867594 0.346405
v 0.501623 9.867507 0.343601
v 0.502874 9.867410 0.341116
v 0.485332 9.867737 0.366643
v 0.487370 9.867719 0.361408
v 0.489708 9.867682 0.356533
v 0.492156 9.867632 0.352251
v 0.494544 9.867572 0.348639
v 0.496729 9.867507 0.345654
v 0.498578 9.867438 0.343206
v 0.499841 9.867360 0.341113
v 0.497740 9.867323 0.341213
v 0.526164 9.866154 0.331127
v 0.520845 9.866154 0.329870
v 0.515432 9.866154 0.329225
v 0.509994 9.866154 0.329201
v 0.504599 9.866154 0.329798
v 0.499316 9.866154 0.331007
v 0.494211 9.866154 0.332814
v 0.531210 9.866381 0.333267
v 0.525928 9.866384 0.331389
v 0.520442 9.866385 0.330128
v 0.514933 9.866385 0.329524
v 0.509514 9.866385 0.329557
v 0.504251 9.866385 0.330190
v 0.499191 9.866385 0.331384
v 0.494359 9.866385 0.333106
v 0.530875 9.866604 0.334124
v 0.525521 9.866613 0.332276
v 0.519936 9.866617 0.331046
v 0.514404 9.866617 0.330490
v 0.509078 9.866615 0.330566
v 0.504016 9.866611 0.331207
v 0.499240 9.866609 0.332352
v 0.494725 9.866607 0.333966
v 0.530320 9.866822 0.335540
v 0.524924 9.866836 0.333756
v 0.519328 9.866840 0.332579
v 0.513858 9.866838 0.332057
v 0.508693 9.866829 0.332135
v 0.503887 9.866819 0.332731
v 0.499428 9.866811 0.333781
v 0.495258 9.866807 0.335260
v 0.529552 9.867032 0.337497
v 0.524144 9.867045 0.335770
v 0.518609 9.867046 0.334626
v 0.513277 9.867037 0.334094
v 0.508338 9.867021 0.334109
v 0.503831 9.867002 0.334591
v 0.499711 9.866987 0.335492
v 0.495898 9.866982 0.336809
v 0.528582 9.867231 0.339971
v 0.523195 9.867239 0.338249
v 0.517769 9.867233 0.337077
v 0.512623 9.867214 0.336465
v 0.507941 9.867188 0.336345
v 0.503751 9.867160 0.336644
v 0.499996 9.867137 0.337332
v 0.496578 9.867126 0.338443
v 0.527421 9.867416 0.342929
v 0.522093 9.867416 0.341133
v 0.516797 9.867400 0.339845
v 0.511837 9.867371 0.339078
v 0.507386 9.867333 0.338762
v 0.503495 9.867294 0.338820
v 0.500151 9.867260 0.339198
v 0.497234 9.867243 0.340007
v 0.468642 9.866381 0.359561
v 0.469489 9.866604 0.359921
v 0.470889 9.866822 0.360516
v 0.472824 9.867032 0.361337
v 0.475269 9.867231 0.362375
v 0.478195 9.867416 0.363616
v 0.481563 9.867585 0.365045
v 0.470644 9.866154 0.354458
v 0.470977 9.866385 0.354522
v 0.471894 9.866616 0.354873
v 0.473371 9.866838 0.355477
v 0.475350 9.867045 0.356311
v 0.477777 9.867238 0.357348
v 0.480604 9.867415 0.358559
v 0.483801 9.867576 0.359918
v 0.473469 9.866154 0.349779
v 0.473907 9.866387 0.349728
v 0.474908 9.866621 0.350046
v 0.476427 9.866843 0.350687
v 0.478385 9.867047 0.351584
v 0.480716 9.867232 0.352669
v 0.483377 9.867399 0.353882
v 0.486357 9.867548 0.355180
v 0.476797 9.866154 0.345461
v 0.477341 9.866388 0.345347
v 0.478395 9.866622 0.345675
v 0.479892 9.866840 0.346392
v 0.481744 9.867038 0.347390
v 0.483891 9.867214 0.348558
v 0.486313 9.867370 0.349800
v 0.489035 9.867508 0.351050
v 0.480585 9.866154 0.341560
v 0.481180 9.866388 0.341470
v 0.482211 9.866618 0.341879
v 0.483593 9.866832 0.342715
v 0.485238 9.867022 0.343842
v 0.487106 9.867188 0.345112
v 0.489222 9.867333 0.346395
v 0.491652 9.867460 0.347599
v 0.484786 9.866154 0.338124
v 0.485339 9.866387 0.338135
v 0.486241 9.866614 0.338683
v 0.487407 9.866821 0.339671
v 0.488756 9.867003 0.340938
v 0.490268 9.867160 0.342315
v 0.491999 9.867294 0.343651
v 0.494076 9.867410 0.344812
v 0.489347 9.866154 0.335196
v 0.489747 9.866386 0.335350
v 0.490415 9.866610 0.336062
v 0.491287 9.866812 0.337208
v 0.492290 9.866988 0.338616
v 0.493393 9.867137 0.340109
v 0.494614 9.867260 0.341525
v 0.496199 9.867360 0.342644
v 0.844242 9.837029 1.230278
v 0.889317 9.839054 1.249395
v 0.824075 9.839054 1.274893
v 0.849288 9.837042 1.232417
v 0.854271 9.837080 1.234530
v 0.859128 9.837143 1.236589
v 0.863798 9.837230 1.238569
v 0.868223 9.837339 1.240446
v 0.872345 9.837471 1.242194
v 0.876113 9.837623 1.243792
v 0.841984 9.837042 1.235272
v 0.847115 9.837056 1.237525
v 0.852228 9.837096 1.239732
v 0.857145 9.837162 1.241840
v 0.861777 9.837252 1.243810
v 0.866079 9.837360 1.245627
v 0.870019 9.837487 1.247286
v 0.873584 9.837631 1.248795
v 0.839754 9.837080 1.240204
v 0.844875 9.837096 1.242613
v 0.850037 9.837139 1.244909
v 0.854965 9.837208 1.247002
v 0.859531 9.837296 1.248871
v 0.863691 9.837402 1.250540
v 0.867432 9.837523 1.252043
v 0.870772 9.837658 1.253425
v 0.837581 9.837143 1.245011
v 0.842675 9.837162 1.247517
v 0.847823 9.837208 1.249820
v 0.852719 9.837276 1.251814
v 0.857201 9.837362 1.253503
v 0.861219 9.837463 1.254949
v 0.864769 9.837575 1.256240
v 0.867882 9.837699 1.257465
v 0.835491 9.837230 1.249633
v 0.840579 9.837252 1.252133
v 0.845698 9.837297 1.254333
v 0.850542 9.837363 1.256138
v 0.854934 9.837443 1.257572
v 0.858817 9.837535 1.258741
v 0.862191 9.837635 1.259786
v 0.865083 9.837748 1.260839
v 0.833511 9.837339 1.254012
v 0.838624 9.837361 1.256404
v 0.843733 9.837404 1.258405
v 0.848537 9.837464 1.259949
v 0.852855 9.837535 1.261086
v 0.856625 9.837614 1.261949
v 0.859841 9.837701 1.262711
v 0.862503 9.837798 1.263560
v 0.831667 9.837471 1.258092
v 0.836833 9.837489 1.260298
v 0.841968 9.837525 1.262048
v 0.846774 9.837576 1.263310
v 0.851067 9.837636 1.264149
v 0.854773 9.837701 1.264695
v 0.857853 9.837770 1.265104
v 0.860251 9.837848 1.265673
v 0.858620 9.837885 1.267067
v 0.886775 9.839054 1.254268
v 0.883699 9.839054 1.258841
v 0.880126 9.839054 1.263054
v 0.876102 9.839054 1.266856
v 0.871677 9.839054 1.270198
v 0.866907 9.839054 1.273037
v 0.861853 9.839054 1.275339
v 0.889033 9.838827 1.249274
v 0.886418 9.838824 1.254251
v 0.883220 9.838823 1.258942
v 0.879547 9.838822 1.263195
v 0.875497 9.838822 1.266944
v 0.871144 9.838822 1.270169
v 0.866552 9.838822 1.272863
v 0.861760 9.838822 1.275034
v 0.888186 9.838604 1.248914
v 0.885497 9.838594 1.253920
v 0.882204 9.838591 1.258659
v 0.878481 9.838591 1.262895
v 0.874470 9.838593 1.266549
v 0.870261 9.838596 1.269628
v 0.865913 9.838599 1.272159
v 0.861432 9.838601 1.274184
v 0.886787 9.838386 1.248319
v 0.884021 9.838372 1.253310
v 0.880683 9.838367 1.258020
v 0.876982 9.838370 1.262189
v 0.873089 9.838379 1.265730
v 0.869102 9.838388 1.268663
v 0.865056 9.838397 1.271039
v 0.860926 9.838401 1.272917
v 0.884852 9.838176 1.247498
v 0.882037 9.838162 1.252459
v 0.878721 9.838161 1.257104
v 0.875130 9.838171 1.261183
v 0.871449 9.838187 1.264610
v 0.867764 9.838205 1.267414
v 0.864074 9.838221 1.269657
v 0.860321 9.838226 1.271399
v 0.882406 9.837976 1.246461
v 0.879603 9.837969 1.251403
v 0.876388 9.837975 1.255991
v 0.872991 9.837994 1.259996
v 0.869594 9.838019 1.263338
v 0.866272 9.838048 1.266047
v 0.863003 9.838071 1.268184
v 0.859688 9.838081 1.269794
v 0.879481 9.837791 1.245220
v 0.876774 9.837791 1.250172
v 0.873736 9.837808 1.254750
v 0.870585 9.837837 1.258734
v 0.867497 9.837874 1.262050
v 0.864565 9.837914 1.264719
v 0.861817 9.837948 1.266785
v 0.859085 9.837965 1.268255
v 0.824202 9.838827 1.274611
v 0.824580 9.838604 1.273773
v 0.825206 9.838386 1.272387
v 0.826071 9.838176 1.270472
v 0.827165 9.837976 1.268051
v 0.828474 9.837791 1.265155
v 0.829981 9.837623 1.261822
v 0.829248 9.839054 1.276752
v 0.829451 9.838822 1.276476
v 0.829887 9.838592 1.275595
v 0.830564 9.838370 1.274149
v 0.831453 9.838162 1.272194
v 0.832534 9.837970 1.269787
v 0.833791 9.837792 1.266980
v 0.835218 9.837632 1.263814
v 0.834610 9.839054 1.278026
v 0.834971 9.838820 1.277757
v 0.835494 9.838587 1.276840
v 0.836175 9.838365 1.275339
v 0.837004 9.838161 1.273355
v 0.837981 9.837976 1.270982
v 0.839112 9.837809 1.268290
v 0.840422 9.837660 1.265316
v 0.840093 9.839054 1.278701
v 0.840578 9.838820 1.278401
v 0.841133 9.838586 1.277440
v 0.841745 9.838367 1.275902
v 0.842426 9.838170 1.273922
v 0.843206 9.837994 1.271619
v 0.844140 9.837838 1.269073
v 0.845292 9.837700 1.266314
v 0.845629 9.839054 1.278766
v 0.846134 9.838820 1.278414
v 0.846615 9.838590 1.277414
v 0.847059 9.838376 1.275872
v 0.847496 9.838186 1.273948
v 0.847999 9.838019 1.271768
v 0.848677 9.837874 1.269407
v 0.849643 9.837748 1.266882
v 0.851147 9.839054 1.278221
v 0.851551 9.838820 1.277829
v 0.851838 9.838593 1.276822
v 0.852016 9.838387 1.275327
v 0.852135 9.838204 1.273511
v 0.852299 9.838048 1.271504
v 0.852653 9.837914 1.269374
v 0.853388 9.837798 1.267125
v 0.856578 9.839054 1.277074
v 0.856768 9.838821 1.276690
v 0.856768 9.838598 1.275732
v 0.856616 9.838396 1.274332
v 0.856381 9.838220 1.272659
v 0.856160 9.838071 1.270857
v 0.856079 9.837948 1.269027
v 0.856477 9.837848 1.267149
v 0.844242 9.868178 1.230278
v 0.824075 9.866154 1.274893
v 0.889317 9.866154 1.249395
v 0.841984 9.868166 1.235272
v 0.839754 9.868128 1.240204
v 0.837581 9.868065 1.245011
v 0.835491 9.867978 1.249633
v 0.833511 9.867868 1.254012
v 0.831667 9.867737 1.258092
v 0.829981 9.867585 1.261822
v 0.849288 9.868166 1.232417
v 0.847045 9.868152 1.237553
v 0.844783 9.868112 1.242641
v 0.842599 9.868046 1.247525
v 0.840530 9.867956 1.252114
v 0.838600 9.867847 1.256366
v 0.836829 9.867721 1.260258
v 0.835232 9.867577 1.263784
v 0.854271 9.868128 1.234530
v 0.852141 9.868112 1.239773
v 0.849904 9.868069 1.244961
v 0.847701 9.868000 1.249841
v 0.845613 9.867911 1.254311
v 0.843687 9.867805 1.258358
v 0.841956 9.867684 1.261999
v 0.840438 9.867550 1.265280
v 0.859128 9.868065 1.236589
v 0.857083 9.868046 1.241886
v 0.854861 9.868000 1.247069
v 0.852615 9.867931 1.251855
v 0.850466 9.867846 1.256135
v 0.848493 9.867744 1.259923
v 0.846759 9.867633 1.263279
v 0.845302 9.867509 1.266290
v 0.863798 9.867978 1.238570
v 0.861754 9.867956 1.243857
v 0.859483 9.867910 1.248945
v 0.857147 9.867845 1.253556
v 0.854891 9.867764 1.257588
v 0.852830 9.867673 1.261081
v 0.851059 9.867573 1.264137
v 0.849647 9.867460 1.266872
v 0.868223 9.867868 1.240446
v 0.866087 9.867846 1.245671
v 0.863689 9.867804 1.250605
v 0.861205 9.867743 1.254998
v 0.858802 9.867673 1.258761
v 0.856616 9.867594 1.261952
v 0.854769 9.867507 1.264692
v 0.853389 9.867410 1.267123
v 0.872345 9.867737 1.242194
v 0.870044 9.867719 1.247318
v 0.867456 9.867682 1.252087
v 0.864780 9.867632 1.256272
v 0.862193 9.867572 1.259801
v 0.859840 9.867507 1.262715
v 0.857853 9.867438 1.265104
v 0.856477 9.867360 1.267148
v 0.858620 9.867323 1.267067
v 0.829248 9.866154 1.276752
v 0.834610 9.866154 1.278026
v 0.840093 9.866154 1.278700
v 0.845629 9.866154 1.278766
v 0.851147 9.866154 1.278221
v 0.856578 9.866154 1.277074
v 0.861853 9.866154 1.275339
v 0.824202 9.866381 1.274611
v 0.829499 9.866384 1.276496
v 0.835031 9.866385 1.277776
v 0.840614 9.866385 1.278411
v 0.846133 9.866385 1.278420
v 0.851519 9.866385 1.277838
v 0.856721 9.866385 1.276705
v 0.861715 9.866385 1.275052
v 0.824580 9.866604 1.273773
v 0.829952 9.866613 1.275629
v 0.835585 9.866617 1.276879
v 0.841194 9.866617 1.277467
v 0.846620 9.866615 1.277433
v 0.851801 9.866611 1.276843
v 0.856713 9.866609 1.275755
v 0.861379 9.866607 1.274204
v 0.825206 9.866822 1.272387
v 0.830623 9.866836 1.274180
v 0.836270 9.866840 1.275378
v 0.841817 9.866838 1.275932
v 0.847079 9.866829 1.275896
v 0.851999 9.866819 1.275348
v 0.856583 9.866811 1.274350
v 0.860892 9.866807 1.272930
v 0.826071 9.867032 1.270471
v 0.831504 9.867045 1.272209
v 0.837090 9.867046 1.273374
v 0.842496 9.867037 1.273937
v 0.847526 9.867021 1.273960
v 0.852135 9.867002 1.273522
v 0.856368 9.866987 1.272669
v 0.860307 9.866982 1.271405
v 0.827165 9.867231 1.268051
v 0.832577 9.867239 1.269782
v 0.838051 9.867233 1.270975
v 0.843264 9.867214 1.271615
v 0.848026 9.867188 1.271768
v 0.852305 9.867160 1.271506
v 0.856157 9.867137 1.270860
v 0.859684 9.867126 1.269796
v 0.828474 9.867416 1.265155
v 0.833822 9.867416 1.266959
v 0.839159 9.867400 1.268264
v 0.844176 9.867371 1.269056
v 0.848694 9.867333 1.269399
v 0.852659 9.867294 1.269372
v 0.856080 9.867260 1.269027
v 0.859084 9.867243 1.268255
v 0.889033 9.866381 1.249274
v 0.888186 9.866604 1.248914
v 0.886787 9.866822 1.248319
v 0.884852 9.867032 1.247498
v 0.882406 9.867231 1.246461
v 0.879481 9.867416 1.245220
v 0.876113 9.867585 1.243792
v 0.886775 9.866154 1.254268
v 0.886440 9.866385 1.254203
v 0.885521 9.866616 1.253851
v 0.884043 9.866838 1.253248
v 0.882064 9.867045 1.252414
v 0.879638 9.867238 1.251377
v 0.876811 9.867415 1.250167
v 0.873615 9.867576 1.248808
v 0.883699 9.866154 1.258841
v 0.883251 9.866387 1.258888
v 0.882245 9.866621 1.258569
v 0.880726 9.866843 1.257927
v 0.878772 9.867047 1.257032
v 0.876445 9.867232 1.255949
v 0.873788 9.867399 1.254738
v 0.870809 9.867548 1.253440
v 0.880126 9.866154 1.263054
v 0.879567 9.866388 1.263163
v 0.878507 9.866622 1.262833
v 0.877014 9.866840 1.262118
v 0.875171 9.867038 1.261124
v 0.873036 9.867214 1.259961
v 0.870623 9.867370 1.258723
v 0.867906 9.867508 1.257475
v 0.876102 9.866154 1.266856
v 0.875492 9.866388 1.266940
v 0.874460 9.866618 1.266531
v 0.873088 9.866832 1.265700
v 0.871462 9.867022 1.264581
v 0.869615 9.867188 1.263320
v 0.867515 9.867333 1.262044
v 0.865093 9.867460 1.260843
v 0.871677 9.866154 1.270198
v 0.871114 9.866387 1.270183
v 0.870220 9.866614 1.269638
v 0.869075 9.866821 1.268660
v 0.867756 9.867003 1.267406
v 0.866275 9.867160 1.266041
v 0.864570 9.867294 1.264717
v 0.862506 9.867410 1.263561
v 0.866907 9.866154 1.273037
v 0.866507 9.866386 1.272884
v 0.865858 9.866610 1.272179
v 0.865019 9.866812 1.271048
v 0.864058 9.866988 1.269658
v 0.862999 9.867137 1.268184
v 0.861817 9.867260 1.266785
v 0.860251 9.867360 1.265674
v 1.114341 9.837029 0.633202
v 1.134534 9.839054 0.588599
v 1.159427 9.839054 0.652293
v 1.116601 9.837042 0.628209
v 1.118832 9.837080 0.623279
v 1.121007 9.837143 0.618472
v 1.123099 9.837230 0.613851
v 1.125081 9.837339 0.609473
v 1.126927 9.837471 0.605394
v 1.128615 9.837623 0.601664
v 1.119387 9.837042 0.635340
v 1.121764 9.837056 0.630262
v 1.124094 9.837096 0.625202
v 1.126320 9.837162 0.620336
v 1.128401 9.837252 0.615752
v 1.130320 9.837360 0.611495
v 1.132073 9.837487 0.607596
v 1.133667 9.837631 0.604069
v 1.124371 9.837080 0.637451
v 1.126907 9.837096 0.632379
v 1.129328 9.837139 0.627271
v 1.131539 9.837208 0.622393
v 1.133516 9.837296 0.617877
v 1.135282 9.837402 0.613762
v 1.136873 9.837523 0.610061
v 1.138334 9.837658 0.606756
v 1.129229 9.837143 0.639509
v 1.131863 9.837162 0.634462
v 1.134291 9.837208 0.629366
v 1.136401 9.837276 0.624522
v 1.138193 9.837362 0.620090
v 1.139730 9.837463 0.616119
v 1.141102 9.837575 0.612609
v 1.142400 9.837699 0.609530
v 1.133900 9.837230 0.641487
v 1.136528 9.837252 0.636447
v 1.138850 9.837297 0.631381
v 1.140766 9.837363 0.626591
v 1.142298 9.837443 0.622252
v 1.143551 9.837535 0.618418
v 1.144670 9.837635 0.615085
v 1.145789 9.837748 0.612226
v 1.138325 9.837339 0.643361
v 1.140844 9.837361 0.638298
v 1.142963 9.837404 0.633245
v 1.144614 9.837464 0.628500
v 1.145841 9.837535 0.624238
v 1.146781 9.837614 0.620519
v 1.147609 9.837701 0.617347
v 1.148517 9.837798 0.614717
v 1.142448 9.837471 0.645107
v 1.144779 9.837489 0.639995
v 1.146643 9.837525 0.634920
v 1.148006 9.837576 0.630177
v 1.148930 9.837636 0.625944
v 1.149546 9.837701 0.622295
v 1.150012 9.837770 0.619261
v 1.150631 9.837848 0.616895
v 1.152023 9.837885 0.618475
v 1.139453 9.839054 0.591017
v 1.144058 9.839054 0.593966
v 1.148289 9.839054 0.597408
v 1.152093 9.839054 0.601301
v 1.155423 9.839054 0.605594
v 1.158236 9.839054 0.610235
v 1.160496 9.839054 0.615164
v 1.134406 9.838827 0.588880
v 1.139430 9.838824 0.591369
v 1.144153 9.838823 0.594434
v 1.148422 9.838822 0.597975
v 1.152172 9.838822 0.601894
v 1.155384 9.838822 0.606119
v 1.158053 9.838822 0.610587
v 1.160184 9.838822 0.615260
v 1.134026 9.838604 0.589718
v 1.139078 9.838594 0.592279
v 1.143849 9.838591 0.595437
v 1.148100 9.838591 0.599027
v 1.151754 9.838593 0.602909
v 1.154820 9.838596 0.606995
v 1.157326 9.838599 0.611226
v 1.159313 9.838601 0.615596
v 1.133398 9.838386 0.591103
v 1.138433 9.838372 0.593739
v 1.143173 9.838367 0.596942
v 1.147357 9.838370 0.600512
v 1.150898 9.838379 0.604279
v 1.153818 9.838388 0.608149
v 1.156171 9.838397 0.612086
v 1.158015 9.838401 0.616114
v 1.132531 9.838176 0.593017
v 1.137535 9.838162 0.595702
v 1.142209 9.838161 0.598885
v 1.146302 9.838171 0.602348
v 1.149731 9.838187 0.605909
v 1.152525 9.838205 0.609485
v 1.154748 9.838221 0.613074
v 1.156461 9.838226 0.616733
v 1.131435 9.837976 0.595437
v 1.136420 9.837969 0.598112
v 1.141038 9.837975 0.601196
v 1.145060 9.837994 0.604469
v 1.148406 9.838019 0.607752
v 1.151110 9.838048 0.610972
v 1.153232 9.838071 0.614150
v 1.154817 9.838081 0.617381
v 1.130124 9.837791 0.598332
v 1.135121 9.837791 0.600912
v 1.139732 9.837808 0.603822
v 1.143736 9.837837 0.606854
v 1.147061 9.837874 0.609834
v 1.149729 9.837914 0.612672
v 1.151788 9.837948 0.615339
v 1.153240 9.837965 0.618000
v 1.159143 9.838827 0.652174
v 1.158295 9.838604 0.651815
v 1.156895 9.838386 0.651223
v 1.154959 9.838176 0.650404
v 1.152513 9.837976 0.649368
v 1.149587 9.837791 0.648129
v 1.146218 9.837623 0.646703
v 1.161403 9.839054 0.647180
v 1.161126 9.838822 0.646986
v 1.160236 9.838592 0.646571
v 1.158776 9.838370 0.645929
v 1.156800 9.838162 0.645087
v 1.154367 9.837970 0.644065
v 1.151531 9.837792 0.642875
v 1.148331 9.837632 0.641524
v 1.162788 9.839054 0.641891
v 1.162520 9.838820 0.641540
v 1.161595 9.838587 0.641041
v 1.160078 9.838365 0.640396
v 1.158073 9.838161 0.639614
v 1.155672 9.837976 0.638693
v 1.152951 9.837809 0.637625
v 1.149945 9.837660 0.636386
v 1.163564 9.839054 0.636491
v 1.163267 9.838820 0.636020
v 1.162298 9.838586 0.635490
v 1.160742 9.838367 0.634913
v 1.158738 9.838170 0.634277
v 1.156406 9.837994 0.633548
v 1.153830 9.837838 0.632671
v 1.151039 9.837700 0.631585
v 1.163720 9.839054 0.631051
v 1.163370 9.838820 0.630560
v 1.162360 9.838590 0.630104
v 1.160798 9.838376 0.629692
v 1.158846 9.838186 0.629294
v 1.156636 9.838019 0.628836
v 1.154243 9.837874 0.628208
v 1.151688 9.837748 0.627300
v 1.163256 9.839054 0.625637
v 1.162863 9.838820 0.625247
v 1.161843 9.838593 0.624981
v 1.160323 9.838387 0.624830
v 1.158477 9.838204 0.624743
v 1.156437 9.838048 0.624615
v 1.154275 9.837914 0.624301
v 1.151997 9.837798 0.623616
v 1.162177 9.839054 0.620319
v 1.161789 9.838821 0.620139
v 1.160814 9.838598 0.620155
v 1.159386 9.838396 0.620326
v 1.157679 9.838220 0.620585
v 1.155841 9.838071 0.620831
v 1.153977 9.837948 0.620940
v 1.152072 9.837848 0.620580
v 1.114341 9.868178 0.633202
v 1.159427 9.866154 0.652293
v 1.134534 9.866154 0.588599
v 1.119387 9.868166 0.635340
v 1.124371 9.868128 0.637451
v 1.129229 9.868065 0.639509
v 1.133900 9.867978 0.641487
v 1.138325 9.867868 0.643361
v 1.142448 9.867737 0.645107
v 1.146218 9.867585 0.646703
v 1.116601 9.868166 0.628209
v 1.121791 9.868152 0.630330
v 1.126934 9.868112 0.632470
v 1.131870 9.868046 0.634537
v 1.136508 9.867956 0.636495
v 1.140805 9.867847 0.638322
v 1.144737 9.867721 0.639999
v 1.148300 9.867577 0.641511
v 1.118832 9.868128 0.623279
v 1.124135 9.868112 0.625287
v 1.129379 9.868069 0.627400
v 1.134311 9.868000 0.629485
v 1.138826 9.867911 0.631464
v 1.142915 9.867805 0.633291
v 1.146593 9.867684 0.634933
v 1.149908 9.867550 0.636371
v 1.121007 9.868065 0.618472
v 1.126366 9.868046 0.620395
v 1.131606 9.868000 0.622495
v 1.136441 9.867931 0.624624
v 1.140763 9.867846 0.626666
v 1.144586 9.867744 0.628543
v 1.147974 9.867633 0.630192
v 1.151016 9.867509 0.631575
v 1.123099 9.867978 0.613851
v 1.128448 9.867956 0.615773
v 1.133590 9.867910 0.617922
v 1.138246 9.867845 0.620143
v 1.142314 9.867764 0.622294
v 1.145835 9.867673 0.624263
v 1.148918 9.867573 0.625953
v 1.151679 9.867460 0.627296
v 1.125081 9.867868 0.609473
v 1.130365 9.867846 0.611486
v 1.135349 9.867804 0.613763
v 1.139780 9.867743 0.616131
v 1.143572 9.867673 0.618431
v 1.146784 9.867594 0.620528
v 1.149543 9.867507 0.622298
v 1.151994 9.867410 0.623615
v 1.126927 9.867737 0.605394
v 1.132106 9.867719 0.607571
v 1.136918 9.867682 0.610037
v 1.141135 9.867632 0.612598
v 1.144685 9.867572 0.615083
v 1.147613 9.867507 0.617347
v 1.150012 9.867438 0.619261
v 1.152071 9.867360 0.620580
v 1.152023 9.867323 0.618475
v 1.161403 9.866154 0.647180
v 1.162788 9.866154 0.641891
v 1.163564 9.866154 0.636491
v 1.163720 9.866154 0.631051
v 1.163256 9.866154 0.625637
v 1.162177 9.866154 0.620319
v 1.160496 9.866154 0.615164
v 1.159143 9.866381 0.652174
v 1.161148 9.866384 0.646937
v 1.162540 9.866385 0.641481
v 1.163278 9.866385 0.635984
v 1.163377 9.866385 0.630561
v 1.162872 9.866385 0.625278
v 1.161803 9.866385 0.620184
v 1.160201 9.866385 0.615304
v 1.158295 9.866604 0.651815
v 1.160272 9.866613 0.646507
v 1.161636 9.866617 0.640951
v 1.162327 9.866617 0.635430
v 1.162380 9.866615 0.630099
v 1.161863 9.866611 0.625017
v 1.160836 9.866609 0.620207
v 1.159334 9.866607 0.615648
v 1.156895 9.866822 0.651223
v 1.158808 9.866836 0.645871
v 1.160120 9.866840 0.640302
v 1.160774 9.866838 0.634842
v 1.160822 9.866829 0.629672
v 1.160344 9.866819 0.624847
v 1.159404 9.866811 0.620359
v 1.158028 9.866807 0.616147
v 1.154959 9.867032 0.650404
v 1.156816 9.867045 0.645037
v 1.158093 9.867046 0.639529
v 1.158754 9.867037 0.634208
v 1.158859 9.867021 0.629265
v 1.158489 9.867002 0.624743
v 1.157689 9.866987 0.620597
v 1.156466 9.866982 0.616747
v 1.152513 9.867231 0.649368
v 1.154363 9.867239 0.644023
v 1.155666 9.867233 0.638624
v 1.156402 9.867214 0.633491
v 1.156636 9.867188 0.628809
v 1.156440 9.867160 0.624609
v 1.155844 9.867137 0.620834
v 1.154818 9.867126 0.617385
v 1.149587 9.867416 0.648129
v 1.151510 9.867416 0.642845
v 1.152925 9.867400 0.637580
v 1.153813 9.867371 0.632636
v 1.154236 9.867333 0.628191
v 1.154273 9.867294 0.624296
v 1.153977 9.867260 0.620940
v 1.153240 9.867243 0.618000
v 1.134406 9.866381 0.588880
v 1.134026 9.866604 0.589718
v 1.133398 9.866822 0.591103
v 1.132531 9.867032 0.593017
v 1.131435 9.867231 0.595437
v 1.130124 9.867416 0.598332
v 1.128615 9.867585 0.601664
v 1.139453 9.866154 0.591017
v 1.139381 9.866385 0.591348
v 1.139009 9.866616 0.592256
v 1.138370 9.866838 0.593718
v 1.137489 9.867045 0.595676
v 1.136394 9.867238 0.598078
v 1.135116 9.867415 0.600875
v 1.133681 9.867576 0.604038
v 1.144058 9.866154 0.593966
v 1.144099 9.866387 0.594405
v 1.143757 9.866621 0.595399
v 1.143079 9.866843 0.596902
v 1.142136 9.867047 0.598837
v 1.140996 9.867232 0.601141
v 1.139720 9.867399 0.603772
v 1.138350 9.867548 0.606720
v 1.148289 9.866154 0.597408
v 1.148391 9.866388 0.597955
v 1.148037 9.866622 0.599002
v 1.147285 9.866840 0.600481
v 1.146243 9.867038 0.602308
v 1.145024 9.867214 0.604425
v 1.143725 9.867370 0.606816
v 1.142411 9.867508 0.609507
v 1.152093 9.866154 0.601301
v 1.152169 9.866388 0.601899
v 1.151736 9.866618 0.602919
v 1.150867 9.866832 0.604281
v 1.149702 9.867022 0.605897
v 1.148388 9.867188 0.607733
v 1.147055 9.867333 0.609816
v 1.145793 9.867460 0.612216
v 1.155423 9.866154 0.605594
v 1.155399 9.866387 0.606148
v 1.154829 9.866614 0.607035
v 1.153815 9.866821 0.608176
v 1.152517 9.867003 0.609493
v 1.151104 9.867160 0.610970
v 1.149727 9.867294 0.612667
v 1.148518 9.867410 0.614714
v 1.158236 9.866154 0.610235
v 1.158073 9.866386 0.610630
v 1.157345 9.866610 0.611280
v 1.156179 9.866812 0.612122
v 1.154750 9.866988 0.613089
v 1.153232 9.867137 0.614155
v 1.151788 9.867260 0.615339
v 1.150631 9.867360 0.616895
vn -0.0031 -1.0000 0.0013
vn -0.0051 -1.0000 0.0057
vn -0.0071 -0.9999 0.0102
vn -0.0092 -0.9998 0.0151
vn -0.0115 -0.9997 0.0203
vn -0.0142 -0.9996 0.0262
vn -0.0173 -0.9993 0.0329
vn -0.0076 -1.0000 -0.0003
vn -0.0097 -0.9999 0.0041
vn -0.0119 -0.9999 0.0088
vn -0.0143 -0.9998 0.0136
vn -0.0169 -0.9997 0.0187
vn -0.0198 -0.9995 0.0244
vn -0.0233 -0.9993 0.0308
vn -0.0122 -0.9999 -0.0021
vn -0.0146 -0.9999 0.0025
vn -0.0170 -0.9998 0.0072
vn -0.0196 -0.9997 0.0121
vn -0.0223 -0.9996 0.0172
vn -0.0255 -0.9994 0.0226
vn -0.0293 -0.9992 0.0286
vn -0.0172 -0.9998 -0.0039
vn -0.0197 -0.9998 0.0008
vn -0.0223 -0.9997 0.0056
vn -0.0250 -0.9996 0.0105
vn -0.0279 -0.9995 0.0156
vn -0.0311 -0.9993 0.0209
vn -0.0351 -0.9990 0.0265
vn -0.0226 -0.9997 -0.0059
vn -0.0252 -0.9997 -0.0010
vn -0.0279 -0.9996 0.0040
vn -0.0307 -0.9995 0.0091
vn -0.0335 -0.9993 0.0141
vn -0.0367 -0.9991 0.0192
vn -0.0406 -0.9989 0.0246
vn -0.0286 -0.9996 -0.0082
vn -0.0313 -0.9995 -0.0029
vn -0.0341 -0.9994 0.0024
vn -0.0367 -0.9993 0.0077
vn -0.0394 -0.9991 0.0128
vn -0.0423 -0.9989 0.0178
vn -0.0459 -0.9987 0.0228
vn -0.0357 -0.9993 -0.0107
vn -0.0384 -0.9993 -0.0049
vn -0.0410 -0.9992 0.0009
vn -0.0436 -0.9990 0.0065
vn -0.0460 -0.9989 0.0118
vn -0.0484 -0.9987 0.0168
vn -0.0506 -0.9985 0.0213
vn -0.2586 -0.8111 0.5247
vn -0.3140 -0.8139 0.4888
vn -0.3678 -0.8129 0.4516
vn -0.4181 -0.8103 0.4106
vn -0.4638 -0.8072 0.3651
vn -0.5041 -0.8041 0.3151
vn -0.5375 -0.8020 0.2606
vn -0.1038 -0.9723 0.2096
vn -0.1262 -0.9729 0.1940
vn -0.1477 -0.9729 0.1781
vn -0.1677 -0.9725 0.1614
vn -0.1858 -0.9720 0.1436
vn -0.2017 -0.9715 0.1243
vn -0.2146 -0.9712 0.1035
vn -0.0626 -0.9901 0.1258
vn -0.0764 -0.9903 0.1160
vn -0.0897 -0.9903 0.1063
vn -0.1022 -0.9901 0.0964
vn -0.1137 -0.9898 0.0861
vn -0.1236 -0.9895 0.0751
vn -0.1316 -0.9893 0.0631
vn -0.0440 -0.9952 0.0880
vn -0.0542 -0.9952 0.0811
vn -0.0641 -0.9952 0.0744
vn -0.0735 -0.9950 0.0677
vn -0.0821 -0.9948 0.0609
vn -0.0896 -0.9945 0.0536
vn -0.0956 -0.9944 0.0455
vn -0.0333 -0.9973 0.0662
vn -0.0416 -0.9973 0.0612
vn -0.0497 -0.9972 0.0563
vn -0.0574 -0.9970 0.0515
vn -0.0646 -0.9968 0.0467
vn -0.0709 -0.9966 0.0416
vn -0.0758 -0.9965 0.0359
vn -0.0263 -0.9983 0.0517
vn -0.0335 -0.9983 0.0480
vn -0.0405 -0.9982 0.0443
vn -0.0472 -0.9980 0.0409
vn -0.0535 -0.9979 0.0374
vn -0.0592 -0.9977 0.0339
vn -0.0637 -0.9975 0.0298
vn -0.0212 -0.9989 0.0412
vn -0.0277 -0.9989 0.0384
vn -0.0341 -0.9988 0.0356
vn -0.0402 -0.9986 0.0330
vn -0.0460 -0.9985 0.0305
vn -0.0512 -0.9983 0.0281
vn -0.0558 -0.9981 0.0259
vn -0.5558 -0.8111 -0.1825
vn -0.2217 -0.9724 -0.0724
vn -0.1333 -0.9901 -0.0433
vn -0.0935 -0.9952 -0.0302
vn -0.0706 -0.9973 -0.0226
vn -0.0554 -0.9983 -0.0175
vn -0.0443 -0.9989 -0.0137
vn -0.5651 -0.8166 -0.1173
vn -0.2250 -0.9733 -0.0456
vn -0.1356 -0.9904 -0.0267
vn -0.0957 -0.9952 -0.0182
vn -0.0728 -0.9973 -0.0132
vn -0.0578 -0.9983 -0.0097
vn -0.0469 -0.9989 -0.0071
vn -0.5745 -0.8168 -0.0531
vn -0.2282 -0.9734 -0.0193
vn -0.1378 -0.9904 -0.0104
vn -0.0977 -0.9952 -0.0064
vn -0.0750 -0.9972 -0.0040
vn -0.0601 -0.9982 -0.0022
vn -0.0494 -0.9988 -0.0006
vn -0.5806 -0.8141 0.0111
vn -0.2305 -0.9731 0.0066
vn -0.1395 -0.9902 0.0054
vn -0.0995 -0.9950 0.0050
vn -0.0769 -0.9970 0.0049
vn -0.0623 -0.9980 0.0051
vn -0.0517 -0.9986 0.0056
vn -0.5812 -0.8103 0.0753
vn -0.2309 -0.9724 0.0321
vn -0.1403 -0.9899 0.0209
vn -0.1007 -0.9948 0.0160
vn -0.0785 -0.9968 0.0134
vn -0.0642 -0.9979 0.0120
vn -0.0540 -0.9985 0.0115
vn -0.5753 -0.8060 0.1391
vn -0.2289 -0.9718 0.0570
vn -0.1397 -0.9896 0.0358
vn -0.1008 -0.9946 0.0265
vn -0.0793 -0.9966 0.0215
vn -0.0656 -0.9977 0.0185
vn -0.0559 -0.9983 0.0170
vn -0.5615 -0.8026 0.2015
vn -0.2237 -0.9713 0.0810
vn -0.1370 -0.9893 0.0499
vn -0.0993 -0.9944 0.0365
vn -0.0787 -0.9965 0.0291
vn -0.0659 -0.9975 0.0246
vn -0.0575 -0.9981 0.0217
vn -0.2586 0.8110 0.5247
vn -0.1034 0.9724 0.2090
vn -0.0623 0.9901 0.1256
vn -0.0439 0.9952 0.0879
vn -0.0333 0.9973 0.0662
vn -0.0263 0.9983 0.0518
vn -0.0212 0.9989 0.0412
vn -0.3117 0.8166 0.4857
vn -0.1249 0.9733 0.1926
vn -0.0758 0.9904 0.1156
vn -0.0540 0.9952 0.0811
vn -0.0416 0.9973 0.0612
vn -0.0335 0.9983 0.0481
vn -0.0277 0.9989 0.0384
vn -0.3641 0.8168 0.4475
vn -0.1460 0.9734 0.1765
vn -0.0890 0.9904 0.1057
vn -0.0638 0.9952 0.0743
vn -0.0496 0.9972 0.0563
vn -0.0405 0.9982 0.0445
vn -0.0341 0.9988 0.0357
vn -0.4142 0.8141 0.4070
vn -0.1660 0.9731 0.1600
vn -0.1015 0.9902 0.0959
vn -0.0732 0.9950 0.0676
vn -0.0573 0.9970 0.0515
vn -0.0472 0.9980 0.0409
vn -0.0402 0.9986 0.0330
vn -0.4605 0.8103 0.3624
vn -0.1845 0.9724 0.1425
vn -0.1131 0.9899 0.0856
vn -0.0819 0.9948 0.0607
vn -0.0645 0.9968 0.0467
vn -0.0535 0.9979 0.0374
vn -0.0460 0.9985 0.0305
vn -0.5020 0.8060 0.3136
vn -0.2009 0.9718 0.1236
vn -0.1233 0.9896 0.0748
vn -0.0895 0.9946 0.0535
vn -0.0708 0.9966 0.0416
vn -0.0591 0.9977 0.0339
vn -0.0512 0.9983 0.0281
vn -0.5369 0.8025 0.2601
vn -0.2144 0.9713 0.1031
vn -0.1316 0.9893 0.0629
vn -0.0956 0.9944 0.0454
vn -0.0758 0.9965 0.0358
vn -0.0637 0.9975 0.0298
vn -0.0558 0.9981 0.0259
vn -0.0031 1.0000 0.0013
vn -0.0076 1.0000 -0.0004
vn -0.0123 0.9999 -0.0021
vn -0.0172 0.9998 -0.0040
vn -0.0226 0.9997 -0.0060
vn -0.0286 0.9996 -0.0082
vn -0.0357 0.9993 -0.0107
vn -0.0051 1.0000 0.0057
vn -0.0097 0.9999 0.0040
vn -0.0146 0.9999 0.0024
vn -0.0197 0.9998 0.0007
vn -0.0252 0.9997 -0.0011
vn -0.0313 0.9995 -0.0029
vn -0.0383 0.9993 -0.0049
vn -0.0071 0.9999 0.0102
vn -0.0120 0.9999 0.0087
vn -0.0170 0.9998 0.0071
vn -0.0223 0.9997 0.0055
vn -0.0279 0.9996 0.0040
vn -0.0340 0.9994 0.0024
vn -0.0409 0.9992 0.0009
vn -0.0092 0.9998 0.0150
vn -0.0143 0.9998 0.0135
vn -0.0196 0.9997 0.0120
vn -0.0250 0.9996 0.0105
vn -0.0307 0.9995 0.0090
vn -0.0367 0.9993 0.0077
vn -0.0435 0.9990 0.0065
vn -0.0116 0.9997 0.0203
vn -0.0169 0.9997 0.0187
vn -0.0224 0.9996 0.0171
vn -0.0279 0.9995 0.0156
vn -0.0335 0.9993 0.0141
vn -0.0394 0.9991 0.0128
vn -0.0460 0.9989 0.0118
vn -0.0142 0.9996 0.0262
vn -0.0199 0.9995 0.0244
vn -0.0256 0.9994 0.0226
vn -0.0312 0.9993 0.0209
vn -0.0367 0.9991 0.0192
vn -0.0423 0.9989 0.0178
vn -0.0484 0.9987 0.0168
vn -0.0173 0.9993 0.0330
vn -0.0234 0.9993 0.0308
vn -0.0293 0.9992 0.0287
vn -0.0351 0.9990 0.0266
vn -0.0407 0.9989 0.0246
vn -0.0459 0.9987 0.0228
vn -0.0506 0.9985 0.0213
vn -0.5558 0.8111 -0.1825
vn -0.5689 0.8139 -0.1178
vn -0.5800 0.8129 -0.0533
vn -0.5859 0.8103 0.0114
vn -0.5853 0.8072 0.0758
vn -0.5779 0.8041 0.1395
vn -0.5623 0.8020 0.2015
vn -0.2223 0.9723 -0.0725
vn -0.2268 0.9729 -0.0456
vn -0.2306 0.9729 -0.0192
vn -0.2326 0.9725 0.0068
vn -0.2326 0.9720 0.0323
vn -0.2300 0.9715 0.0571
vn -0.2241 0.9712 0.0809
vn -0.1336 0.9901 -0.0433
vn -0.1363 0.9903 -0.0266
vn -0.1387 0.9903 -0.0103
vn -0.1404 0.9901 0.0056
vn -0.1410 0.9898 0.0209
vn -0.1402 0.9895 0.0358
vn -0.1372 0.9893 0.0499
vn -0.0936 0.9952 -0.0301
vn -0.0959 0.9952 -0.0180
vn -0.0980 0.9952 -0.0063
vn -0.0998 0.9950 0.0051
vn -0.1009 0.9948 0.0160
vn -0.1010 0.9945 0.0265
vn -0.0994 0.9944 0.0364
vn -0.0706 0.9973 -0.0225
vn -0.0728 0.9973 -0.0131
vn -0.0750 0.9972 -0.0039
vn -0.0770 0.9970 0.0050
vn -0.0786 0.9968 0.0134
vn -0.0793 0.9966 0.0215
vn -0.0787 0.9965 0.0291
vn -0.0553 0.9983 -0.0174
vn -0.0577 0.9983 -0.0097
vn -0.0600 0.9982 -0.0021
vn -0.0622 0.9980 0.0052
vn -0.0642 0.9979 0.0120
vn -0.0656 0.9977 0.0185
vn -0.0659 0.9975 0.0246
vn -0.0443 0.9989 -0.0137
vn -0.0468 0.9989 -0.0071
vn -0.0493 0.9988 -0.0006
vn -0.0517 0.9986 0.0056
vn -0.0539 0.9985 0.0115
vn -0.0559 0.9983 0.0170
vn -0.0575 0.9981 0.0217
vn -0.0013 -1.0000 -0.0031
vn -0.0057 -1.0000 -0.0049
vn -0.0103 -0.9999 -0.0067
vn -0.0152 -0.9998 -0.0087
vn -0.0205 -0.9997 -0.0109
vn -0.0264 -0.9996 -0.0134
vn -0.0332 -0.9993 -0.0164
vn 0.0005 -1.0000 -0.0075
vn -0.0040 -0.9999 -0.0095
vn -0.0087 -0.9999 -0.0115
vn -0.0136 -0.9998 -0.0138
vn -0.0188 -0.9997 -0.0162
vn -0.0245 -0.9995 -0.0190
vn -0.0309 -0.9993 -0.0223
vn 0.0024 -0.9999 -0.0121
vn -0.0023 -0.9999 -0.0143
vn -0.0070 -0.9998 -0.0166
vn -0.0119 -0.9997 -0.0190
vn -0.0171 -0.9996 -0.0216
vn -0.0225 -0.9994 -0.0246
vn -0.0286 -0.9992 -0.0282
vn 0.0043 -0.9998 -0.0169
vn -0.0004 -0.9998 -0.0193
vn -0.0053 -0.9997 -0.0218
vn -0.0103 -0.9997 -0.0244
vn -0.0154 -0.9995 -0.0271
vn -0.0207 -0.9993 -0.0302
vn -0.0264 -0.9991 -0.0339
vn 0.0065 -0.9997 -0.0223
vn 0.0015 -0.9997 -0.0248
vn -0.0036 -0.9996 -0.0273
vn -0.0087 -0.9995 -0.0299
vn -0.0137 -0.9994 -0.0327
vn -0.0189 -0.9992 -0.0357
vn -0.0243 -0.9989 -0.0394
vn 0.0089 -0.9996 -0.0283
vn 0.0035 -0.9995 -0.0308
vn -0.0018 -0.9994 -0.0334
vn -0.0071 -0.9993 -0.0359
vn -0.0123 -0.9992 -0.0385
vn -0.0173 -0.9990 -0.0412
vn -0.0224 -0.9988 -0.0446
vn 0.0116 -0.9993 -0.0352
vn 0.0057 -0.9993 -0.0378
vn -0.0001 -0.9992 -0.0402
vn -0.0058 -0.9991 -0.0426
vn -0.0112 -0.9989 -0.0449
vn -0.0162 -0.9988 -0.0472
vn -0.0207 -0.9986 -0.0493
vn -0.5303 -0.8119 -0.2442
vn -0.4936 -0.8163 -0.2999
vn -0.4554 -0.8168 -0.3543
vn -0.4130 -0.8156 -0.4053
vn -0.3660 -0.8135 -0.4519
vn -0.3143 -0.8112 -0.4932
vn -0.2577 -0.8094 -0.5276
vn -0.2116 -0.9724 -0.0980
vn -0.1954 -0.9733 -0.1202
vn -0.1788 -0.9736 -0.1417
vn -0.1615 -0.9735 -0.1617
vn -0.1429 -0.9732 -0.1799
vn -0.1230 -0.9729 -0.1959
vn -0.1016 -0.9726 -0.2090
vn -0.1270 -0.9901 -0.0591
vn -0.1168 -0.9905 -0.0728
vn -0.1066 -0.9906 -0.0861
vn -0.0963 -0.9905 -0.0986
vn -0.0856 -0.9902 -0.1100
vn -0.0742 -0.9900 -0.1200
vn -0.0619 -0.9898 -0.1281
vn -0.0888 -0.9952 -0.0415
vn -0.0816 -0.9953 -0.0517
vn -0.0746 -0.9953 -0.0615
vn -0.0676 -0.9952 -0.0708
vn -0.0605 -0.9950 -0.0794
vn -0.0529 -0.9948 -0.0870
vn -0.0446 -0.9947 -0.0930
vn -0.0668 -0.9973 -0.0315
vn -0.0615 -0.9973 -0.0397
vn -0.0564 -0.9973 -0.0478
vn -0.0514 -0.9971 -0.0554
vn -0.0464 -0.9970 -0.0625
vn -0.0411 -0.9968 -0.0688
vn -0.0351 -0.9967 -0.0738
vn -0.0522 -0.9983 -0.0248
vn -0.0482 -0.9983 -0.0320
vn -0.0444 -0.9983 -0.0389
vn -0.0407 -0.9981 -0.0456
vn -0.0371 -0.9980 -0.0518
vn -0.0334 -0.9978 -0.0574
vn -0.0292 -0.9977 -0.0619
vn -0.0416 -0.9989 -0.0200
vn -0.0386 -0.9989 -0.0265
vn -0.0356 -0.9988 -0.0328
vn -0.0328 -0.9987 -0.0388
vn -0.0302 -0.9986 -0.0446
vn -0.0276 -0.9984 -0.0498
vn -0.0253 -0.9982 -0.0543
vn 0.1967 -0.8119 -0.5497
vn 0.0780 -0.9726 -0.2190
vn 0.0467 -0.9902 -0.1317
vn 0.0325 -0.9952 -0.0924
vn 0.0243 -0.9973 -0.0697
vn 0.0188 -0.9983 -0.0547
vn 0.0148 -0.9989 -0.0437
vn 0.1306 -0.8190 -0.5587
vn 0.0507 -0.9738 -0.2219
vn 0.0298 -0.9906 -0.1337
vn 0.0203 -0.9953 -0.0943
vn 0.0148 -0.9973 -0.0718
vn 0.0110 -0.9983 -0.0569
vn 0.0081 -0.9989 -0.0462
vn 0.0653 -0.8207 -0.5676
vn 0.0240 -0.9742 -0.2246
vn 0.0133 -0.9907 -0.1355
vn 0.0084 -0.9953 -0.0961
vn 0.0055 -0.9973 -0.0737
vn 0.0034 -0.9982 -0.0591
vn 0.0016 -0.9988 -0.0485
vn -0.0003 -0.8193 -0.5734
vn -0.0024 -0.9740 -0.2264
vn -0.0029 -0.9906 -0.1369
vn -0.0032 -0.9952 -0.0976
vn -0.0035 -0.9971 -0.0755
vn -0.0040 -0.9981 -0.0611
vn -0.0047 -0.9987 -0.0507
vn -0.0663 -0.8165 -0.5735
vn -0.0284 -0.9736 -0.2264
vn -0.0186 -0.9903 -0.1374
vn -0.0144 -0.9950 -0.0986
vn -0.0122 -0.9970 -0.0768
vn -0.0110 -0.9980 -0.0628
vn -0.0107 -0.9986 -0.0528
vn -0.1320 -0.8130 -0.5671
vn -0.0538 -0.9731 -0.2239
vn -0.0338 -0.9901 -0.1365
vn -0.0251 -0.9948 -0.0985
vn -0.0204 -0.9968 -0.0774
vn -0.0176 -0.9978 -0.0641
vn -0.0162 -0.9984 -0.0546
vn -0.1965 -0.8100 -0.5526
vn -0.0784 -0.9727 -0.2184
vn -0.0483 -0.9899 -0.1336
vn -0.0353 -0.9947 -0.0969
vn -0.0281 -0.9967 -0.0767
vn -0.0238 -0.9977 -0.0642
vn -0.0211 -0.9982 -0.0561
vn -0.0013 1.0000 -0.0031
vn 0.0005 1.0000 -0.0075
vn 0.0024 0.9999 -0.0121
vn 0.0044 0.9998 -0.0169
vn 0.0065 0.9997 -0.0223
vn 0.0089 0.9996 -0.0282
vn 0.0116 0.9993 -0.0352
vn -0.0057 1.0000 -0.0049
vn -0.0039 0.9999 -0.0095
vn -0.0022 0.9999 -0.0143
vn -0.0003 0.9998 -0.0193
vn 0.0016 0.9997 -0.0248
vn 0.0035 0.9995 -0.0308
vn 0.0057 0.9993 -0.0377
vn -0.0103 0.9999 -0.0068
vn -0.0086 0.9999 -0.0116
vn -0.0069 0.9998 -0.0166
vn -0.0052 0.9997 -0.0218
vn -0.0035 0.9996 -0.0273
vn -0.0018 0.9994 -0.0333
vn -0.0001 0.9992 -0.0402
vn -0.0151 0.9998 -0.0088
vn -0.0135 0.9998 -0.0138
vn -0.0119 0.9997 -0.0190
vn -0.0102 0.9997 -0.0244
vn -0.0086 0.9995 -0.0299
vn -0.0071 0.9993 -0.0359
vn -0.0058 0.9991 -0.0426
vn -0.0205 0.9997 -0.0110
vn -0.0188 0.9997 -0.0163
vn -0.0170 0.9996 -0.0217
vn -0.0153 0.9995 -0.0271
vn -0.0137 0.9994 -0.0327
vn -0.0123 0.9992 -0.0385
vn -0.0112 0.9989 -0.0449
vn -0.0264 0.9996 -0.0135
vn -0.0245 0.9995 -0.0191
vn -0.0226 0.9994 -0.0247
vn -0.0207 0.9993 -0.0302
vn -0.0189 0.9992 -0.0357
vn -0.0173 0.9990 -0.0412
vn -0.0162 0.9988 -0.0472
vn -0.0333 0.9993 -0.0164
vn -0.0310 0.9993 -0.0224
vn -0.0287 0.9992 -0.0283
vn -0.0264 0.9991 -0.0340
vn -0.0243 0.9989 -0.0394
vn -0.0224 0.9988 -0.0446
vn -0.0207 0.9986 -0.0493
vn 0.1967 0.8119 -0.5497
vn 0.1312 0.8163 -0.5625
vn 0.0656 0.8168 -0.5732
vn -0.0005 0.8155 -0.5787
vn -0.0667 0.8135 -0.5777
vn -0.1324 0.8112 -0.5696
vn -0.1965 0.8095 -0.5533
vn 0.0781 0.9724 -0.2197
vn 0.0508 0.9733 -0.2237
vn 0.0239 0.9736 -0.2269
vn -0.0025 0.9735 -0.2285
vn -0.0285 0.9732 -0.2280
vn -0.0539 0.9729 -0.2250
vn -0.0783 0.9726 -0.2188
vn 0.0467 0.9901 -0.1320
vn 0.0297 0.9905 -0.1344
vn 0.0131 0.9906 -0.1364
vn -0.0030 0.9905 -0.1378
vn -0.0187 0.9902 -0.1381
vn -0.0338 0.9900 -0.1370
vn -0.0482 0.9898 -0.1339
vn 0.0325 0.9952 -0.0925
vn 0.0202 0.9953 -0.0945
vn 0.0082 0.9953 -0.0963
vn -0.0033 0.9952 -0.0979
vn -0.0144 0.9950 -0.0988
vn -0.0251 0.9948 -0.0987
vn -0.0352 0.9947 -0.0969
vn 0.0243 0.9973 -0.0697
vn 0.0147 0.9973 -0.0717
vn 0.0054 0.9973 -0.0737
vn -0.0036 0.9971 -0.0755
vn -0.0122 0.9970 -0.0769
vn -0.0204 0.9968 -0.0775
vn -0.0281 0.9967 -0.0767
vn 0.0188 0.9983 -0.0547
vn 0.0109 0.9983 -0.0568
vn 0.0033 0.9983 -0.0590
vn -0.0041 0.9981 -0.0610
vn -0.0111 0.9980 -0.0628
vn -0.0176 0.9978 -0.0641
vn -0.0238 0.9977 -0.0642
vn 0.0148 0.9989 -0.0437
vn 0.0081 0.9989 -0.0461
vn 0.0015 0.9988 -0.0484
vn -0.0048 0.9987 -0.0506
vn -0.0107 0.9986 -0.0527
vn -0.0162 0.9984 -0.0546
vn -0.0211 0.9982 -0.0561
vn -0.5303 0.8119 -0.2442
vn -0.2111 0.9726 -0.0976
vn -0.1268 0.9902 -0.0588
vn -0.0888 0.9952 -0.0414
vn -0.0668 0.9973 -0.0314
vn -0.0522 0.9983 -0.0248
vn -0.0416 0.9989 -0.0201
vn -0.4905 0.8190 -0.2977
vn -0.1940 0.9738 -0.1190
vn -0.1164 0.9906 -0.0723
vn -0.0816 0.9953 -0.0515
vn -0.0616 0.9973 -0.0396
vn -0.0484 0.9983 -0.0320
vn -0.0387 0.9989 -0.0265
vn -0.4512 0.8206 -0.3507
vn -0.1772 0.9742 -0.1401
vn -0.1061 0.9907 -0.0854
vn -0.0745 0.9953 -0.0612
vn -0.0565 0.9973 -0.0477
vn -0.0445 0.9982 -0.0389
vn -0.0357 0.9988 -0.0328
vn -0.4094 0.8193 -0.4015
vn -0.1600 0.9740 -0.1601
vn -0.0958 0.9906 -0.0979
vn -0.0675 0.9952 -0.0706
vn -0.0514 0.9971 -0.0553
vn -0.0408 0.9981 -0.0456
vn -0.0329 0.9987 -0.0389
vn -0.3633 0.8165 -0.4487
vn -0.1418 0.9736 -0.1787
vn -0.0852 0.9903 -0.1095
vn -0.0603 0.9950 -0.0792
vn -0.0464 0.9970 -0.0625
vn -0.0371 0.9980 -0.0518
vn -0.0302 0.9986 -0.0446
vn -0.3127 0.8130 -0.4911
vn -0.1223 0.9731 -0.1952
vn -0.0739 0.9901 -0.1197
vn -0.0528 0.9948 -0.0869
vn -0.0410 0.9968 -0.0688
vn -0.0334 0.9978 -0.0574
vn -0.0276 0.9984 -0.0498
vn -0.2572 0.8100 -0.5271
vn -0.1012 0.9727 -0.2088
vn -0.0617 0.9899 -0.1280
vn -0.0445 0.9947 -0.0930
vn -0.0351 0.9967 -0.0738
vn -0.0292 0.9977 -0.0619
vn -0.0253 0.9982 -0.0543
vn 0.0012 -1.0000 0.0032
vn 0.0056 -1.0000 0.0052
vn 0.0101 -0.9999 0.0073
vn 0.0148 -0.9998 0.0095
vn 0.0200 -0.9997 0.0120
vn 0.0258 -0.9996 0.0148
vn 0.0325 -0.9993 0.0181
vn -0.0005 -1.0000 0.0076
vn 0.0039 -0.9999 0.0098
vn 0.0084 -0.9999 0.0121
vn 0.0132 -0.9998 0.0146
vn 0.0183 -0.9997 0.0173
vn 0.0239 -0.9995 0.0204
vn 0.0302 -0.9993 0.0240
vn -0.0024 -0.9999 0.0122
vn 0.0021 -0.9999 0.0146
vn 0.0068 -0.9998 0.0172
vn 0.0116 -0.9997 0.0198
vn 0.0166 -0.9996 0.0227
vn 0.0219 -0.9994 0.0260
vn 0.0279 -0.9992 0.0299
vn -0.0044 -0.9998 0.0171
vn 0.0003 -0.9998 0.0197
vn 0.0050 -0.9997 0.0224
vn 0.0099 -0.9996 0.0252
vn 0.0149 -0.9995 0.0282
vn 0.0201 -0.9993 0.0316
vn 0.0256 -0.9990 0.0357
vn -0.0065 -0.9997 0.0224
vn -0.0017 -0.9997 0.0252
vn 0.0033 -0.9996 0.0280
vn 0.0083 -0.9995 0.0309
vn 0.0132 -0.9993 0.0338
vn 0.0183 -0.9991 0.0371
vn 0.0235 -0.9989 0.0412
vn -0.0089 -0.9996 0.0284
vn -0.0037 -0.9995 0.0312
vn 0.0016 -0.9994 0.0341
vn 0.0067 -0.9993 0.0369
vn 0.0118 -0.9991 0.0397
vn 0.0167 -0.9989 0.0427
vn 0.0216 -0.9987 0.0464
vn -0.0116 -0.9993 0.0354
vn -0.0059 -0.9993 0.0382
vn -0.0002 -0.9992 0.0410
vn 0.0054 -0.9990 0.0437
vn 0.0106 -0.9989 0.0462
vn 0.0156 -0.9987 0.0487
vn 0.0199 -0.9985 0.0510
vn 0.5185 -0.8109 0.2712
vn 0.4812 -0.8139 0.3258
vn 0.4425 -0.8129 0.3787
vn 0.4002 -0.8104 0.4280
vn 0.3535 -0.8073 0.4725
vn 0.3024 -0.8042 0.5116
vn 0.2469 -0.8021 0.5437
vn 0.2070 -0.9723 0.1088
vn 0.1908 -0.9729 0.1308
vn 0.1744 -0.9729 0.1519
vn 0.1572 -0.9726 0.1715
vn 0.1388 -0.9721 0.1892
vn 0.1192 -0.9716 0.2045
vn 0.0980 -0.9713 0.2169
vn 0.1242 -0.9901 0.0656
vn 0.1141 -0.9903 0.0792
vn 0.1040 -0.9903 0.0922
vn 0.0938 -0.9901 0.1045
vn 0.0832 -0.9898 0.1156
vn 0.0719 -0.9895 0.1253
vn 0.0597 -0.9893 0.1330
vn 0.0869 -0.9952 0.0461
vn 0.0798 -0.9952 0.0561
vn 0.0728 -0.9952 0.0658
vn 0.0658 -0.9950 0.0750
vn 0.0588 -0.9948 0.0835
vn 0.0513 -0.9945 0.0908
vn 0.0431 -0.9944 0.0966
vn 0.0653 -0.9973 0.0349
vn 0.0601 -0.9973 0.0431
vn 0.0550 -0.9972 0.0510
vn 0.0500 -0.9970 0.0586
vn 0.0451 -0.9968 0.0656
vn 0.0398 -0.9966 0.0718
vn 0.0339 -0.9965 0.0766
vn 0.0511 -0.9983 0.0275
vn 0.0471 -0.9983 0.0346
vn 0.0433 -0.9982 0.0415
vn 0.0396 -0.9981 0.0482
vn 0.0360 -0.9979 0.0544
vn 0.0324 -0.9977 0.0599
vn 0.0282 -0.9975 0.0643
vn 0.0407 -0.9989 0.0222
vn 0.0377 -0.9989 0.0286
vn 0.0347 -0.9988 0.0349
vn 0.0319 -0.9987 0.0410
vn 0.0293 -0.9985 0.0467
vn 0.0267 -0.9983 0.0519
vn 0.0244 -0.9981 0.0563
vn -0.1972 -0.8109 0.5509
vn -0.0783 -0.9724 0.2197
vn -0.0469 -0.9901 0.1321
vn -0.0327 -0.9952 0.0927
vn -0.0244 -0.9973 0.0699
vn -0.0189 -0.9983 0.0549
vn -0.0148 -0.9989 0.0439
vn -0.1322 -0.8166 0.5619
vn -0.0515 -0.9733 0.2237
vn -0.0303 -0.9904 0.1348
vn -0.0207 -0.9953 0.0951
vn -0.0151 -0.9973 0.0724
vn -0.0113 -0.9983 0.0575
vn -0.0083 -0.9989 0.0466
vn -0.0682 -0.8168 0.5729
vn -0.0253 -0.9734 0.2275
vn -0.0140 -0.9904 0.1374
vn -0.0090 -0.9952 0.0974
vn -0.0059 -0.9972 0.0748
vn -0.0037 -0.9982 0.0600
vn -0.0019 -0.9988 0.0493
vn -0.0040 -0.8142 0.5806
vn 0.0006 -0.9731 0.2304
vn 0.0018 -0.9902 0.1395
vn 0.0024 -0.9950 0.0995
vn 0.0029 -0.9970 0.0770
vn 0.0035 -0.9980 0.0623
vn 0.0043 -0.9986 0.0518
vn 0.0603 -0.8104 0.5828
vn 0.0261 -0.9725 0.2315
vn 0.0172 -0.9899 0.1407
vn 0.0134 -0.9948 0.1009
vn 0.0114 -0.9968 0.0787
vn 0.0104 -0.9979 0.0644
vn 0.0101 -0.9985 0.0542
vn 0.1243 -0.8062 0.5785
vn 0.0511 -0.9718 0.2301
vn 0.0321 -0.9896 0.1404
vn 0.0239 -0.9946 0.1013
vn 0.0194 -0.9966 0.0797
vn 0.0168 -0.9977 0.0660
vn 0.0155 -0.9983 0.0562
vn 0.1871 -0.8027 0.5663
vn 0.0752 -0.9713 0.2255
vn 0.0464 -0.9893 0.1381
vn 0.0339 -0.9944 0.1001
vn 0.0270 -0.9965 0.0793
vn 0.0229 -0.9975 0.0664
vn 0.0202 -0.9981 0.0580
vn 0.0012 1.0000 0.0032
vn -0.0006 1.0000 0.0076
vn -0.0025 0.9999 0.0122
vn -0.0044 0.9998 0.0171
vn -0.0066 0.9997 0.0224
vn -0.0089 0.9996 0.0284
vn -0.0116 0.9993 0.0354
vn 0.0055 1.0000 0.0052
vn 0.0038 0.9999 0.0098
vn 0.0020 0.9999 0.0146
vn 0.0002 0.9998 0.0197
vn -0.0017 0.9997 0.0251
vn -0.0037 0.9995 0.0312
vn -0.0059 0.9993 0.0381
vn 0.0100 0.9999 0.0073
vn 0.0084 0.9999 0.0122
vn 0.0067 0.9998 0.0172
vn 0.0049 0.9997 0.0224
vn 0.0032 0.9996 0.0280
vn 0.0015 0.9994 0.0340
vn -0.0002 0.9992 0.0409
vn 0.0148 0.9998 0.0096
vn 0.0132 0.9998 0.0147
vn 0.0115 0.9997 0.0199
vn 0.0098 0.9996 0.0253
vn 0.0082 0.9995 0.0308
vn 0.0067 0.9993 0.0368
vn 0.0054 0.9990 0.0436
vn 0.0200 0.9997 0.0120
vn 0.0183 0.9997 0.0174
vn 0.0166 0.9996 0.0228
vn 0.0148 0.9995 0.0283
vn 0.0132 0.9993 0.0338
vn 0.0118 0.9991 0.0397
vn 0.0106 0.9989 0.0462
vn 0.0258 0.9996 0.0148
vn 0.0239 0.9995 0.0205
vn 0.0220 0.9994 0.0261
vn 0.0201 0.9993 0.0317
vn 0.0183 0.9991 0.0372
vn 0.0167 0.9989 0.0427
vn 0.0156 0.9987 0.0487
vn 0.0325 0.9993 0.0181
vn 0.0302 0.9993 0.0241
vn 0.0279 0.9992 0.0300
vn 0.0257 0.9990 0.0357
vn 0.0235 0.9989 0.0412
vn 0.0216 0.9987 0.0464
vn 0.0199 0.9985 0.0510
vn -0.1972 0.8110 0.5509
vn -0.1328 0.8138 0.5657
vn -0.0685 0.8129 0.5784
vn -0.0039 0.8104 0.5859
vn 0.0606 0.8073 0.5870
vn 0.1246 0.8043 0.5811
vn 0.1871 0.8021 0.5670
vn -0.0784 0.9723 0.2204
vn -0.0516 0.9729 0.2255
vn -0.0252 0.9729 0.2299
vn 0.0007 0.9726 0.2326
vn 0.0262 0.9721 0.2332
vn 0.0511 0.9716 0.2311
vn 0.0751 0.9713 0.2259
vn -0.0468 0.9901 0.1324
vn -0.0302 0.9903 0.1355
vn -0.0139 0.9903 0.1383
vn 0.0019 0.9901 0.1404
vn 0.0173 0.9898 0.1414
vn 0.0321 0.9895 0.1409
vn 0.0463 0.9893 0.1383
vn -0.0326 0.9952 0.0928
vn -0.0206 0.9952 0.0953
vn -0.0088 0.9952 0.0977
vn 0.0025 0.9950 0.0998
vn 0.0134 0.9948 0.1012
vn 0.0239 0.9945 0.1015
vn 0.0338 0.9944 0.1002
vn -0.0244 0.9973 0.0699
vn -0.0150 0.9973 0.0724
vn -0.0058 0.9972 0.0748
vn 0.0030 0.9970 0.0770
vn 0.0114 0.9968 0.0788
vn 0.0194 0.9966 0.0798
vn 0.0270 0.9965 0.0793
vn -0.0189 0.9983 0.0548
vn -0.0112 0.9983 0.0574
vn -0.0037 0.9982 0.0599
vn 0.0035 0.9981 0.0623
vn 0.0104 0.9979 0.0644
vn 0.0168 0.9977 0.0660
vn 0.0229 0.9975 0.0664
vn -0.0148 0.9989 0.0439
vn -0.0083 0.9989 0.0466
vn -0.0019 0.9988 0.0492
vn 0.0043 0.9987 0.0518
vn 0.0101 0.9985 0.0541
vn 0.0155 0.9983 0.0562
vn 0.0202 0.9981 0.0580
vn 0.5185 0.8109 0.2712
vn 0.2065 0.9724 0.1084
vn 0.1240 0.9901 0.0653
vn 0.0868 0.9952 0.0460
vn 0.0654 0.9973 0.0348
vn 0.0511 0.9983 0.0275
vn 0.0407 0.9989 0.0222
vn 0.4781 0.8166 0.3234
vn 0.1895 0.9733 0.1295
vn 0.1137 0.9904 0.0786
vn 0.0797 0.9953 0.0559
vn 0.0602 0.9973 0.0430
vn 0.0472 0.9983 0.0346
vn 0.0377 0.9989 0.0286
vn 0.4386 0.8168 0.3748
vn 0.1729 0.9734 0.1501
vn 0.1035 0.9904 0.0914
vn 0.0727 0.9952 0.0655
vn 0.0551 0.9972 0.0510
vn 0.0434 0.9982 0.0415
vn 0.0348 0.9988 0.0349
vn 0.3967 0.8142 0.4240
vn 0.1558 0.9731 0.1698
vn 0.0933 0.9902 0.1037
vn 0.0657 0.9950 0.0747
vn 0.0501 0.9970 0.0585
vn 0.0397 0.9980 0.0482
vn 0.0320 0.9986 0.0410
vn 0.3509 0.8104 0.4692
vn 0.1378 0.9725 0.1878
vn 0.0828 0.9899 0.1151
vn 0.0586 0.9948 0.0833
vn 0.0450 0.9968 0.0656
vn 0.0361 0.9979 0.0544
vn 0.0293 0.9985 0.0467
vn 0.3009 0.8061 0.5095
vn 0.1185 0.9718 0.2037
vn 0.0716 0.9896 0.1250
vn 0.0512 0.9946 0.0907
vn 0.0398 0.9966 0.0718
vn 0.0324 0.9977 0.0599
vn 0.0267 0.9983 0.0519
vn 0.2465 0.8026 0.5432
vn 0.0976 0.9713 0.2167
vn 0.0595 0.9893 0.1330
vn 0.0430 0.9944 0.0966
vn 0.0339 0.9965 0.0766
vn 0.0282 0.9975 0.0643
vn 0.0244 0.9981 0.0563
vn 0.0031 -1.0000 -0.0012
vn 0.0050 -1.0000 -0.0056
vn 0.0070 -0.9999 -0.0101
vn 0.0091 -0.9998 -0.0149
vn 0.0115 -0.9997 -0.0202
vn 0.0141 -0.9996 -0.0260
vn 0.0173 -0.9993 -0.0328
vn 0.0075 -1.0000 0.0007
vn 0.0096 -0.9999 -0.0038
vn 0.0118 -0.9999 -0.0084
vn 0.0141 -0.9998 -0.0132
vn 0.0167 -0.9997 -0.0183
vn 0.0197 -0.9995 -0.0240
vn 0.0231 -0.9993 -0.0303
vn 0.0120 -0.9999 0.0027
vn 0.0143 -0.9999 -0.0019
vn 0.0168 -0.9998 -0.0066
vn 0.0193 -0.9997 -0.0115
vn 0.0221 -0.9996 -0.0165
vn 0.0252 -0.9994 -0.0219
vn 0.0290 -0.9992 -0.0279
vn 0.0168 -0.9998 0.0048
vn 0.0194 -0.9998 0.0001
vn 0.0219 -0.9997 -0.0048
vn 0.0246 -0.9996 -0.0097
vn 0.0275 -0.9995 -0.0147
vn 0.0307 -0.9993 -0.0199
vn 0.0346 -0.9991 -0.0255
vn 0.0221 -0.9997 0.0070
vn 0.0248 -0.9997 0.0021
vn 0.0275 -0.9996 -0.0029
vn 0.0302 -0.9995 -0.0079
vn 0.0330 -0.9994 -0.0129
vn 0.0362 -0.9992 -0.0180
vn 0.0401 -0.9989 -0.0233
vn 0.0281 -0.9996 0.0095
vn 0.0308 -0.9995 0.0043
vn 0.0335 -0.9994 -0.0010
vn 0.0361 -0.9993 -0.0063
vn 0.0388 -0.9992 -0.0113
vn 0.0417 -0.9990 -0.0163
vn 0.0452 -0.9988 -0.0212
vn 0.0350 -0.9993 0.0124
vn 0.0376 -0.9993 0.0066
vn 0.0403 -0.9992 0.0008
vn 0.0428 -0.9991 -0.0047
vn 0.0453 -0.9989 -0.0101
vn 0.0477 -0.9988 -0.0151
vn 0.0498 -0.9986 -0.0195
vn 0.2583 -0.8117 -0.5239
vn 0.3131 -0.8161 -0.4858
vn 0.3665 -0.8164 -0.4463
vn 0.4164 -0.8151 -0.4027
vn 0.4618 -0.8130 -0.3546
vn 0.5018 -0.8106 -0.3019
vn 0.5347 -0.8089 -0.2446
vn 0.1036 -0.9724 -0.2090
vn 0.1254 -0.9733 -0.1922
vn 0.1465 -0.9736 -0.1752
vn 0.1661 -0.9735 -0.1573
vn 0.1838 -0.9732 -0.1384
vn 0.1993 -0.9728 -0.1181
vn 0.2119 -0.9725 -0.0964
vn 0.0624 -0.9901 -0.1254
vn 0.0759 -0.9905 -0.1149
vn 0.0890 -0.9906 -0.1044
vn 0.1012 -0.9904 -0.0938
vn 0.1123 -0.9902 -0.0828
vn 0.1220 -0.9900 -0.0712
vn 0.1298 -0.9898 -0.0587
vn 0.0439 -0.9952 -0.0877
vn 0.0539 -0.9953 -0.0803
vn 0.0635 -0.9953 -0.0730
vn 0.0727 -0.9952 -0.0658
vn 0.0811 -0.9950 -0.0585
vn 0.0884 -0.9948 -0.0507
vn 0.0942 -0.9947 -0.0423
vn 0.0332 -0.9973 -0.0659
vn 0.0414 -0.9973 -0.0605
vn 0.0493 -0.9973 -0.0552
vn 0.0568 -0.9971 -0.0500
vn 0.0638 -0.9970 -0.0448
vn 0.0699 -0.9968 -0.0394
vn 0.0748 -0.9966 -0.0333
vn 0.0262 -0.9983 -0.0515
vn 0.0332 -0.9983 -0.0474
vn 0.0401 -0.9983 -0.0434
vn 0.0467 -0.9981 -0.0396
vn 0.0528 -0.9980 -0.0358
vn 0.0584 -0.9978 -0.0320
vn 0.0627 -0.9976 -0.0277
vn 0.0211 -0.9989 -0.0410
vn 0.0275 -0.9989 -0.0379
vn 0.0337 -0.9988 -0.0348
vn 0.0397 -0.9987 -0.0319
vn 0.0454 -0.9985 -0.0290
vn 0.0505 -0.9984 -0.0264
vn 0.0550 -0.9982 -0.0240
vn 0.5451 -0.8117 0.2099
vn 0.2172 -0.9726 0.0833
vn 0.1306 -0.9902 0.0498
vn 0.0916 -0.9952 0.0347
vn 0.0691 -0.9973 0.0260
vn 0.0542 -0.9983 0.0201
vn 0.0434 -0.9989 0.0158
vn 0.5558 -0.8188 0.1441
vn 0.2207 -0.9737 0.0561
vn 0.1330 -0.9906 0.0330
vn 0.0938 -0.9953 0.0226
vn 0.0714 -0.9973 0.0165
vn 0.0567 -0.9983 0.0124
vn 0.0460 -0.9989 0.0092
vn 0.5665 -0.8203 0.0790
vn 0.2242 -0.9741 0.0294
vn 0.1353 -0.9907 0.0165
vn 0.0959 -0.9953 0.0107
vn 0.0736 -0.9973 0.0073
vn 0.0590 -0.9982 0.0048
vn 0.0485 -0.9988 0.0028
vn 0.5738 -0.8189 0.0136
vn 0.2266 -0.9740 0.0031
vn 0.1371 -0.9906 0.0004
vn 0.0977 -0.9952 -0.0008
vn 0.0756 -0.9971 -0.0017
vn 0.0612 -0.9981 -0.0025
vn 0.0509 -0.9987 -0.0035
vn 0.5757 -0.8160 -0.0522
vn 0.2273 -0.9736 -0.0228
vn 0.1380 -0.9903 -0.0152
vn 0.0990 -0.9950 -0.0120
vn 0.0772 -0.9970 -0.0103
vn 0.0631 -0.9980 -0.0095
vn 0.0531 -0.9985 -0.0094
vn 0.5709 -0.8125 -0.1180
vn 0.2255 -0.9730 -0.0483
vn 0.1375 -0.9900 -0.0304
vn 0.0992 -0.9948 -0.0227
vn 0.0780 -0.9968 -0.0185
vn 0.0646 -0.9978 -0.0161
vn 0.0550 -0.9984 -0.0149
vn 0.5581 -0.8094 -0.1828
vn 0.2206 -0.9726 -0.0730
vn 0.1350 -0.9898 -0.0450
vn 0.0979 -0.9947 -0.0329
vn 0.0775 -0.9966 -0.0262
vn 0.0649 -0.9976 -0.0222
vn 0.0567 -0.9982 -0.0197
vn 0.0031 1.0000 -0.0012
vn 0.0075 1.0000 0.0007
vn 0.0120 0.9999 0.0027
vn 0.0168 0.9998 0.0048
vn 0.0221 0.9997 0.0070
vn 0.0280 0.9996 0.0095
vn 0.0349 0.9993 0.0124
vn 0.0050 1.0000 -0.0056
vn 0.0096 0.9999 -0.0037
vn 0.0143 0.9999 -0.0018
vn 0.0193 0.9998 0.0001
vn 0.0247 0.9997 0.0022
vn 0.0307 0.9995 0.0043
vn 0.0376 0.9993 0.0066
vn 0.0070 0.9999 -0.0101
vn 0.0118 0.9999 -0.0083
vn 0.0168 0.9998 -0.0065
vn 0.0220 0.9997 -0.0047
vn 0.0274 0.9996 -0.0028
vn 0.0334 0.9994 -0.0010
vn 0.0402 0.9992 0.0008
vn 0.0092 0.9998 -0.0149
vn 0.0142 0.9998 -0.0132
vn 0.0194 0.9997 -0.0114
vn 0.0247 0.9996 -0.0096
vn 0.0302 0.9995 -0.0079
vn 0.0361 0.9993 -0.0062
vn 0.0428 0.9991 -0.0047
vn 0.0115 0.9997 -0.0202
vn 0.0168 0.9997 -0.0183
vn 0.0222 0.9996 -0.0165
vn 0.0276 0.9995 -0.0147
vn 0.0330 0.9994 -0.0129
vn 0.0388 0.9992 -0.0113
vn 0.0452 0.9989 -0.0101
vn 0.0142 0.9996 -0.0260
vn 0.0197 0.9995 -0.0240
vn 0.0253 0.9994 -0.0219
vn 0.0308 0.9993 -0.0199
vn 0.0362 0.9992 -0.0180
vn 0.0417 0.9990 -0.0163
vn 0.0476 0.9988 -0.0151
vn 0.0173 0.9993 -0.0328
vn 0.0232 0.9993 -0.0304
vn 0.0290 0.9992 -0.0279
vn 0.0347 0.9991 -0.0255
vn 0.0401 0.9989 -0.0233
vn 0.0452 0.9988 -0.0212
vn 0.0498 0.9986 -0.0195
vn 0.5451 0.8117 0.2099
vn 0.5596 0.8160 0.1447
vn 0.5720 0.8164 0.0795
vn 0.5792 0.8151 0.0136
vn 0.5799 0.8130 -0.0525
vn 0.5735 0.8106 -0.1184
vn 0.5588 0.8089 -0.1828
vn 0.2178 0.9724 0.0834
vn 0.2225 0.9733 0.0562
vn 0.2265 0.9736 0.0294
vn 0.2288 0.9735 0.0030
vn 0.2290 0.9732 -0.0229
vn 0.2266 0.9728 -0.0483
vn 0.2211 0.9725 -0.0728
vn 0.1309 0.9901 0.0498
vn 0.1337 0.9905 0.0329
vn 0.1362 0.9906 0.0164
vn 0.1380 0.9904 0.0003
vn 0.1387 0.9902 -0.0153
vn 0.1380 0.9900 -0.0304
vn 0.1352 0.9898 -0.0449
vn 0.0917 0.9952 0.0347
vn 0.0940 0.9953 0.0225
vn 0.0962 0.9953 0.0106
vn 0.0980 0.9952 -0.0009
vn 0.0993 0.9950 -0.0120
vn 0.0994 0.9948 -0.0227
vn 0.0979 0.9947 -0.0328
vn 0.0691 0.9973 0.0259
vn 0.0714 0.9973 0.0164
vn 0.0736 0.9973 0.0071
vn 0.0756 0.9971 -0.0018
vn 0.0773 0.9970 -0.0103
vn 0.0781 0.9968 -0.0185
vn 0.0775 0.9966 -0.0262
vn 0.0542 0.9983 0.0201
vn 0.0566 0.9983 0.0123
vn 0.0589 0.9983 0.0047
vn 0.0612 0.9981 -0.0026
vn 0.0631 0.9980 -0.0095
vn 0.0646 0.9978 -0.0161
vn 0.0649 0.9976 -0.0222
vn 0.0434 0.9989 0.0158
vn 0.0459 0.9989 0.0092
vn 0.0484 0.9988 0.0027
vn 0.0508 0.9987 -0.0035
vn 0.0530 0.9985 -0.0094
vn 0.0550 0.9984 -0.0149
vn 0.0567 0.9982 -0.0197
vn 0.2583 0.8117 -0.5239
vn 0.1032 0.9726 -0.2085
vn 0.0622 0.9902 -0.1252
vn 0.0438 0.9952 -0.0877
vn 0.0332 0.9973 -0.0660
vn 0.0262 0.9983 -0.0516
vn 0.0212 0.9989 -0.0411
vn 0.3108 0.8187 -0.4828
vn 0.1242 0.9737 -0.1909
vn 0.0754 0.9906 -0.1145
vn 0.0536 0.9953 -0.0802
vn 0.0413 0.9973 -0.0606
vn 0.0332 0.9983 -0.0475
vn 0.0275 0.9989 -0.0380
vn 0.3628 0.8203 -0.4422
vn 0.1448 0.9741 -0.1736
vn 0.0882 0.9907 -0.1039
vn 0.0632 0.9953 -0.0729
vn 0.0492 0.9973 -0.0553
vn 0.0401 0.9982 -0.0435
vn 0.0338 0.9988 -0.0349
vn 0.4125 0.8189 -0.3991
vn 0.1644 0.9740 -0.1560
vn 0.1005 0.9906 -0.0933
vn 0.0724 0.9952 -0.0657
vn 0.0567 0.9971 -0.0500
vn 0.0467 0.9981 -0.0396
vn 0.0398 0.9987 -0.0319
vn 0.4585 0.8160 -0.3520
vn 0.1825 0.9736 -0.1373
vn 0.1118 0.9903 -0.0824
vn 0.0809 0.9950 -0.0583
vn 0.0637 0.9970 -0.0448
vn 0.0528 0.9980 -0.0358
vn 0.0454 0.9985 -0.0291
vn 0.4996 0.8125 -0.3004
vn 0.1985 0.9730 -0.1174
vn 0.1217 0.9900 -0.0709
vn 0.0883 0.9948 -0.0506
vn 0.0699 0.9968 -0.0393
vn 0.0583 0.9978 -0.0320
vn 0.0505 0.9984 -0.0264
vn 0.5342 0.8094 -0.2441
vn 0.2116 0.9726 -0.0960
vn 0.1297 0.9898 -0.0585
vn 0.0942 0.9947 -0.0422
vn 0.0747 0.9966 -0.0333
vn 0.0627 0.9976 -0.0276
vn 0.0550 0.9982 -0.0240
vn -0.0022 -1.0000 -0.0008
vn -0.0065 -1.0000 -0.0026
vn -0.0111 -0.9999 -0.0044
vn -0.0159 -0.9999 -0.0063
vn -0.0213 -0.9997 -0.0084
vn -0.0273 -0.9996 -0.0107
vn -0.0344 -0.9993 -0.0135
vn -0.0430 -0.9989 -0.0169
vn -0.0542 -0.9983 -0.0213
vn -0.0695 -0.9972 -0.0273
vn -0.0925 -0.9951 -0.0363
vn -0.1322 -0.9899 -0.0519
vn -0.2200 -0.9717 -0.0864
vn -0.5510 -0.8060 -0.2164
vn -0.4409 -0.0000 0.8975
vn -0.5381 -0.0000 0.8429
vn -0.6281 -0.0000 0.7782
vn -0.7100 -0.0000 0.7042
vn -0.7829 -0.0000 0.6221
vn -0.8463 -0.0000 0.5328
vn -0.8994 -0.0000 0.4372
vn -0.9417 -0.0000 0.3365
vn -0.9728 -0.0000 0.2317
vn -0.9923 -0.0000 0.1239
vn -0.9999 -0.0000 0.0143
vn -0.9954 -0.0000 -0.0959
vn -0.9787 -0.0000 -0.2055
vn -0.9497 -0.0000 -0.3131
vn -0.0022 1.0000 -0.0008
vn -0.0065 1.0000 -0.0026
vn -0.0111 0.9999 -0.0044
vn -0.0159 0.9999 -0.0063
vn -0.0213 0.9997 -0.0084
vn -0.0273 0.9996 -0.0107
vn -0.0344 0.9993 -0.0135
vn -0.0430 0.9989 -0.0169
vn -0.0542 0.9983 -0.0213
vn -0.0695 0.9972 -0.0273
vn -0.0925 0.9951 -0.0363
vn -0.1322 0.9899 -0.0519
vn -0.2200 0.9717 -0.0864
vn -0.5510 0.8060 -0.2164
vn 0.3381 -0.0000 -0.9411
vn 0.2299 -0.0000 -0.9732
vn 0.1183 -0.0000 -0.9930
vn 0.0045 -0.0000 -1.0000
vn -0.1099 -0.0000 -0.9939
vn -0.2232 -0.0000 -0.9748
vn -0.3337 -0.0000 -0.9427
vn -0.4399 -0.0000 -0.8981
vn -0.5401 -0.0000 -0.8416
vn -0.6331 -0.0000 -0.7741
vn -0.7174 -0.0000 -0.6966
vn -0.7921 -0.0000 -0.6104
vn -0.8561 -0.0000 -0.5168
vn -0.9088 -0.0000 -0.4171
vn 0.0009 -1.0000 -0.0021
vn 0.0027 -1.0000 -0.0065
vn 0.0046 -0.9999 -0.0110
vn 0.0067 -0.9999 -0.0158
vn 0.0089 -0.9997 -0.0210
vn 0.0114 -0.9996 -0.0270
vn 0.0144 -0.9993 -0.0340
vn 0.0180 -0.9989 -0.0426
vn 0.0227 -0.9983 -0.0536
vn 0.0291 -0.9972 -0.0687
vn 0.0388 -0.9951 -0.0915
vn 0.0554 -0.9899 -0.1308
vn 0.0922 -0.9717 -0.2177
vn 0.2310 -0.8059 -0.5451
vn 0.0009 1.0000 -0.0021
vn 0.0027 1.0000 -0.0065
vn 0.0046 0.9999 -0.0110
vn 0.0067 0.9999 -0.0158
vn 0.0089 0.9997 -0.0210
vn 0.0114 0.9996 -0.0270
vn 0.0144 0.9993 -0.0340
vn 0.0180 0.9989 -0.0426
vn 0.0227 0.9983 -0.0536
vn 0.0291 0.9972 -0.0687
vn 0.0388 0.9951 -0.0915
vn 0.0554 0.9899 -0.1308
vn 0.0922 0.9717 -0.2177
vn 0.2310 0.8059 -0.5451
vn 0.9328 -0.0000 0.3605
vn 0.9674 -0.0000 0.2533
vn 0.9898 -0.0000 0.1422
vn 0.9996 -0.0000 0.0288
vn 0.9963 -0.0000 -0.0855
vn 0.9800 -0.0000 -0.1989
vn 0.9508 -0.0000 -0.3099
vn 0.9089 -0.0000 -0.4169
vn 0.8552 -0.0000 -0.5183
vn 0.7902 -0.0000 -0.6128
vn 0.7152 -0.0000 -0.6990
vn 0.6311 -0.0000 -0.7757
vn 0.5393 -0.0000 -0.8421
vn 0.4411 -0.0000 -0.8975
vn 0.0021 -1.0000 0.0010
vn 0.0064 -1.0000 0.0029
vn 0.0109 -0.9999 0.0049
vn 0.0156 -0.9999 0.0071
vn 0.0208 -0.9997 0.0094
vn 0.0267 -0.9996 0.0121
vn 0.0337 -0.9993 0.0152
vn 0.0421 -0.9989 0.0191
vn 0.0530 -0.9983 0.0240
vn 0.0680 -0.9972 0.0308
vn 0.0905 -0.9951 0.0409
vn 0.1295 -0.9899 0.0586
vn 0.2154 -0.9717 0.0974
vn 0.5396 -0.8058 0.2441
vn 0.0021 1.0000 0.0010
vn 0.0064 1.0000 0.0029
vn 0.0109 0.9999 0.0049
vn 0.0156 0.9999 0.0071
vn 0.0208 0.9997 0.0094
vn 0.0267 0.9996 0.0121
vn 0.0337 0.9993 0.0152
vn 0.0421 0.9989 0.0191
vn 0.0530 0.9983 0.0240
vn 0.0680 0.9972 0.0308
vn 0.0905 0.9951 0.0409
vn 0.1295 0.9899 0.0586
vn 0.2154 0.9717 0.0974
vn 0.5396 0.8058 0.2441
vn -0.3382 -0.0000 0.9411
vn -0.2313 -0.0000 0.9729
vn -0.1221 -0.0000 0.9925
vn -0.0118 -0.0000 0.9999
vn 0.0982 -0.0000 0.9952
vn 0.2067 -0.0000 0.9784
vn 0.3125 -0.0000 0.9499
vn 0.4145 -0.0000 0.9101
vn 0.5116 -0.0000 0.8593
vn 0.6027 -0.0000 0.7980
vn 0.6867 -0.0000 0.7269
vn 0.7627 -0.0000 0.6467
vn 0.8297 -0.0000 0.5582
vn 0.8867 -0.0000 0.4624
vn -0.0009 -1.0000 0.0021
vn -0.0027 -1.0000 0.0065
vn -0.0046 -0.9999 0.0110
vn -0.0067 -0.9999 0.0158
vn -0.0089 -0.9997 0.0210
vn -0.0114 -0.9996 0.0270
vn -0.0144 -0.9993 0.0340
vn -0.0180 -0.9989 0.0426
vn -0.0227 -0.9983 0.0536
vn -0.0291 -0.9972 0.0687
vn -0.0388 -0.9951 0.0915
vn -0.0554 -0.9899 0.1308
vn -0.0922 -0.9717 0.2177
vn -0.2310 -0.8059 0.5452
vn -0.0009 1.0000 0.0021
vn -0.0027 1.0000 0.0065
vn -0.0046 0.9999 0.0110
vn -0.0067 0.9999 0.0158
vn -0.0089 0.9997 0.0210
vn -0.0114 0.9996 0.0270
vn -0.0144 0.9993 0.0340
vn -0.0180 0.9989 0.0426
vn -0.0227 0.9983 0.0536
vn -0.0291 0.9972 0.0687
vn -0.0388 0.9951 0.0915
vn -0.0554 0.9899 0.1308
vn -0.0922 0.9717 0.2177
vn -0.2310 0.8059 0.5452
vn -0.0000 -1.0000 -0.0000
vn -0.9308 -0.0000 -0.3656
vn -0.3902 -0.0000 0.9207
vn -0.0000 1.0000 -0.0000
vn 0.3902 -0.0000 -0.9207
vn 0.9111 -0.0000 0.4122
vt 0.141945 0.733750
vt 0.141956 0.735569
vt 0.140026 0.735611
vt 0.140040 0.733750
vt 0.141969 0.737365
vt 0.140024 0.737459
vt 0.141983 0.739116
vt 0.140029 0.739235
vt 0.141998 0.740800
vt 0.140041 0.740905
vt 0.142013 0.742395
vt 0.140057 0.742455
vt 0.142029 0.743881
vt 0.140075 0.743874
vt 0.141985 0.750000
vt 0.140026 0.750000
vt 0.138093 0.735629
vt 0.138161 0.733751
vt 0.138068 0.737505
vt 0.138078 0.739282
vt 0.138111 0.740919
vt 0.138153 0.742405
vt 0.138192 0.743742
vt 0.138145 0.750000
vt 0.136226 0.735635
vt 0.136330 0.733751
vt 0.136196 0.737507
vt 0.136231 0.739261
vt 0.136308 0.740848
vt 0.136400 0.742261
vt 0.136479 0.743511
vt 0.136441 0.750000
vt 0.134467 0.735632
vt 0.134572 0.733752
vt 0.134464 0.737482
vt 0.134551 0.739194
vt 0.134695 0.740719
vt 0.134856 0.742053
vt 0.134987 0.743217
vt 0.134961 0.750000
vt 0.132840 0.735626
vt 0.132907 0.733752
vt 0.132897 0.737445
vt 0.133059 0.739109
vt 0.133287 0.740571
vt 0.133528 0.741829
vt 0.133727 0.742906
vt 0.133721 0.750000
vt 0.131356 0.735617
vt 0.131358 0.733752
vt 0.131495 0.737410
vt 0.131746 0.739036
vt 0.132064 0.740449
vt 0.132396 0.741645
vt 0.132688 0.742633
vt 0.132723 0.750000
vt 0.125000 0.735738
vt 0.125000 0.733879
vt 0.125000 0.737523
vt 0.125000 0.739141
vt 0.125000 0.740545
vt 0.125000 0.741722
vt 0.125000 0.742670
vt 0.132043 0.750000
vt 0.391250 0.982885
vt 0.391250 0.984804
vt 0.389407 0.984851
vt 0.389431 0.982888
vt 0.391250 0.986705
vt 0.389395 0.986807
vt 0.391250 0.988564
vt 0.389388 0.988693
vt 0.391250 0.990357
vt 0.389386 0.990473
vt 0.391250 0.992062
vt 0.389388 0.992130
vt 0.391250 0.993656
vt 0.389392 0.993652
vt 0.391250 1.000000
vt 0.389393 1.000000
vt 0.387562 0.984879
vt 0.387634 0.982896
vt 0.387528 0.986864
vt 0.387527 0.988752
vt 0.387548 0.990496
vt 0.387577 0.992085
vt 0.387603 0.993521
vt 0.387613 1.000000
vt 0.385777 0.984899
vt 0.385883 0.982910
vt 0.385740 0.986881
vt 0.385765 0.988744
vt 0.385830 0.990435
vt 0.385909 0.991946
vt 0.385974 0.993289
vt 0.386003 1.000000
vt 0.384094 0.984915
vt 0.384199 0.982929
vt 0.384085 0.986874
vt 0.384162 0.988692
vt 0.384292 0.990317
vt 0.384438 0.991743
vt 0.384556 0.992991
vt 0.384609 1.000000
vt 0.382536 0.984932
vt 0.382604 0.982953
vt 0.382586 0.986858
vt 0.382737 0.988625
vt 0.382949 0.990180
vt 0.383174 0.991524
vt 0.383358 0.992678
vt 0.383443 1.000000
vt 0.381113 0.984950
vt 0.381118 0.982982
vt 0.381244 0.986847
vt 0.381481 0.988572
vt 0.381781 0.990074
vt 0.382094 0.991348
vt 0.382369 0.992404
vt 0.382505 1.000000
vt 0.375000 0.984974
vt 0.375000 0.983015
vt 0.375000 0.986855
vt 0.375000 0.988559
vt 0.375000 0.990039
vt 0.375000 0.991279
vt 0.375000 0.992277
vt 0.381868 1.000000
vt 0.391250 0.016244
vt 0.389431 0.016242
vt 0.389389 0.014396
vt 0.391250 0.014423
vt 0.387634 0.016234
vt 0.387541 0.014376
vt 0.385883 0.016221
vt 0.385765 0.014355
vt 0.384199 0.016203
vt 0.384094 0.014335
vt 0.382604 0.016180
vt 0.382544 0.014315
vt 0.381118 0.016153
vt 0.381125 0.014291
vt 0.375000 0.016121
vt 0.375000 0.014262
vt 0.389371 0.012543
vt 0.391250 0.012618
vt 0.387495 0.012501
vt 0.385718 0.012486
vt 0.384081 0.012487
vt 0.382595 0.012494
vt 0.381257 0.012495
vt 0.375000 0.012477
vt 0.389366 0.010745
vt 0.391250 0.010854
vt 0.387493 0.010699
vt 0.385739 0.010709
vt 0.384152 0.010756
vt 0.382739 0.010814
vt 0.381489 0.010856
vt 0.375000 0.010859
vt 0.389369 0.009043
vt 0.391250 0.009152
vt 0.387519 0.009025
vt 0.385807 0.009088
vt 0.384282 0.009202
vt 0.382947 0.009329
vt 0.381783 0.009425
vt 0.375000 0.009455
vt 0.389376 0.007462
vt 0.391250 0.007535
vt 0.387557 0.007503
vt 0.385892 0.007641
vt 0.384430 0.007839
vt 0.383172 0.008047
vt 0.382095 0.008213
vt 0.375000 0.008278
vt 0.389385 0.006012
vt 0.391250 0.006021
vt 0.387592 0.006136
vt 0.385966 0.006362
vt 0.384552 0.006650
vt 0.383356 0.006949
vt 0.382369 0.007210
vt 0.375000 0.007330
vt 0.389393 0.000000
vt 0.391250 0.000000
vt 0.387613 0.000000
vt 0.386003 0.000000
vt 0.384609 0.000000
vt 0.383443 0.000000
vt 0.382505 0.000000
vt 0.375000 0.006685
vt 0.608750 0.982885
vt 0.610569 0.982888
vt 0.610611 0.984832
vt 0.608750 0.984804
vt 0.612366 0.982896
vt 0.612459 0.984854
vt 0.614117 0.982910
vt 0.614235 0.984875
vt 0.615801 0.982929
vt 0.615906 0.984897
vt 0.617396 0.982953
vt 0.617456 0.984918
vt 0.618882 0.982982
vt 0.618875 0.984943
vt 0.625000 0.983015
vt 0.625000 0.984974
vt 0.610629 0.986785
vt 0.608750 0.986705
vt 0.612505 0.986829
vt 0.614282 0.986845
vt 0.615919 0.986843
vt 0.617405 0.986836
vt 0.618743 0.986836
vt 0.625000 0.986854
vt 0.610634 0.988680
vt 0.608750 0.988564
vt 0.612507 0.988728
vt 0.614261 0.988717
vt 0.615848 0.988667
vt 0.617261 0.988607
vt 0.618511 0.988562
vt 0.625000 0.988559
vt 0.610631 0.990472
vt 0.608750 0.990357
vt 0.612481 0.990491
vt 0.614193 0.990426
vt 0.615718 0.990305
vt 0.617053 0.990171
vt 0.618217 0.990070
vt 0.625000 0.990039
vt 0.610624 0.992138
vt 0.608750 0.992062
vt 0.612443 0.992094
vt 0.614108 0.991949
vt 0.615570 0.991741
vt 0.616828 0.991522
vt 0.617905 0.991347
vt 0.625000 0.991279
vt 0.610615 0.993666
vt 0.608750 0.993656
vt 0.612408 0.993535
vt 0.614034 0.993297
vt 0.615448 0.992994
vt 0.616644 0.992678
vt 0.617631 0.992404
vt 0.625000 0.992277
vt 0.610607 1.000000
vt 0.608750 1.000000
vt 0.612387 1.000000
vt 0.613997 1.000000
vt 0.615391 1.000000
vt 0.616557 1.000000
vt 0.617495 1.000000
vt 0.625000 0.992957
vt 0.858055 0.733750
vt 0.859960 0.733750
vt 0.859993 0.735593
vt 0.858044 0.735569
vt 0.861839 0.733751
vt 0.861929 0.735605
vt 0.863670 0.733751
vt 0.863787 0.735613
vt 0.865429 0.733752
vt 0.865533 0.735615
vt 0.867093 0.733752
vt 0.867152 0.735613
vt 0.868642 0.733752
vt 0.868632 0.735610
vt 0.875000 0.733879
vt 0.875000 0.735738
vt 0.860001 0.737438
vt 0.858031 0.737365
vt 0.861966 0.737472
vt 0.863828 0.737473
vt 0.865540 0.737453
vt 0.867094 0.737424
vt 0.868491 0.737399
vt 0.875000 0.737523
vt 0.859994 0.739223
vt 0.858017 0.739116
vt 0.861958 0.739260
vt 0.863797 0.739235
vt 0.865459 0.739171
vt 0.866938 0.739092
vt 0.868246 0.739027
vt 0.875000 0.739141
vt 0.859977 0.740905
vt 0.858002 0.740800
vt 0.861919 0.740914
vt 0.863717 0.740839
vt 0.865316 0.740708
vt 0.866715 0.740563
vt 0.867933 0.740445
vt 0.875000 0.740545
vt 0.859956 0.742464
vt 0.857987 0.742395
vt 0.861868 0.742414
vt 0.863617 0.742263
vt 0.865153 0.742052
vt 0.866474 0.741827
vt 0.867603 0.741643
vt 0.875000 0.741722
vt 0.859932 0.743886
vt 0.857971 0.743881
vt 0.861819 0.743756
vt 0.863530 0.743519
vt 0.865017 0.743219
vt 0.866274 0.742907
vt 0.867312 0.742632
vt 0.875000 0.742670
vt 0.859973 0.750000
vt 0.858015 0.750000
vt 0.861854 0.750000
vt 0.863559 0.750000
vt 0.865038 0.750000
vt 0.866278 0.750000
vt 0.867277 0.750000
vt 0.875000 0.743315
vt 0.608750 0.016244
vt 0.608750 0.014423
vt 0.610593 0.014379
vt 0.610569 0.016242
vt 0.608750 0.012618
vt 0.610605 0.012522
vt 0.608750 0.010854
vt 0.610612 0.010732
vt 0.608750 0.009152
vt 0.610614 0.009043
vt 0.608750 0.007535
vt 0.610612 0.007470
vt 0.608750 0.006021
vt 0.610608 0.006025
vt 0.608750 0.000000
vt 0.610607 0.000000
vt 0.612438 0.014352
vt 0.612366 0.016234
vt 0.612472 0.012468
vt 0.612473 0.010676
vt 0.612452 0.009021
vt 0.612423 0.007512
vt 0.612397 0.006149
vt 0.612387 0.000000
vt 0.614223 0.014333
vt 0.614117 0.016221
vt 0.614260 0.012452
vt 0.614235 0.010683
vt 0.614170 0.009078
vt 0.614091 0.007644
vt 0.614026 0.006370
vt 0.613997 0.000000
vt 0.615906 0.014318
vt 0.615801 0.016203
vt 0.615915 0.012459
vt 0.615838 0.010733
vt 0.615708 0.009191
vt 0.615561 0.007837
vt 0.615444 0.006652
vt 0.615391 0.000000
vt 0.617464 0.014302
vt 0.617396 0.016180
vt 0.617414 0.012474
vt 0.617263 0.010797
vt 0.617051 0.009320
vt 0.616826 0.008045
vt 0.616642 0.006950
vt 0.616557 0.000000
vt 0.618887 0.014285
vt 0.618882 0.016153
vt 0.618756 0.012484
vt 0.618519 0.010847
vt 0.618219 0.009421
vt 0.617906 0.008212
vt 0.617631 0.007210
vt 0.617495 0.000000
vt 0.625000 0.014262
vt 0.625000 0.016121
vt 0.625000 0.012477
vt 0.625000 0.010859
vt 0.625000 0.009455
vt 0.625000 0.008278
vt 0.625000 0.007330
vt 0.618132 0.000000
vt 0.141415 0.516250
vt 0.139585 0.516250
vt 0.139534 0.514407
vt 0.141404 0.514431
vt 0.137776 0.516249
vt 0.137674 0.514395
vt 0.136012 0.516249
vt 0.135886 0.514387
vt 0.134314 0.516248
vt 0.134202 0.514385
vt 0.132704 0.516248
vt 0.132639 0.514387
vt 0.131202 0.516248
vt 0.131206 0.514390
vt 0.125000 0.516373
vt 0.125000 0.514519
vt 0.139504 0.512562
vt 0.141392 0.512635
vt 0.137619 0.512528
vt 0.135831 0.512527
vt 0.134183 0.512547
vt 0.132685 0.512575
vt 0.131336 0.512601
vt 0.125000 0.512745
vt 0.139487 0.510777
vt 0.141379 0.510884
vt 0.137606 0.510740
vt 0.135843 0.510765
vt 0.134248 0.510829
vt 0.132825 0.510908
vt 0.131565 0.510973
vt 0.125000 0.511144
vt 0.139477 0.509095
vt 0.141365 0.509200
vt 0.137621 0.509086
vt 0.135902 0.509161
vt 0.134370 0.509292
vt 0.133029 0.509438
vt 0.131858 0.509555
vt 0.125000 0.509760
vt 0.139471 0.507536
vt 0.141350 0.507605
vt 0.137647 0.507586
vt 0.135978 0.507736
vt 0.134512 0.507948
vt 0.133248 0.508173
vt 0.132166 0.508357
vt 0.125000 0.508605
vt 0.139466 0.506114
vt 0.141334 0.506119
vt 0.137671 0.506244
vt 0.136042 0.506481
vt 0.134626 0.506781
vt 0.133428 0.507093
vt 0.132437 0.507368
vt 0.125000 0.507678
vt 0.139523 0.500000
vt 0.141379 0.500000
vt 0.137749 0.500000
vt 0.136148 0.500000
vt 0.134764 0.500000
vt 0.133608 0.500000
vt 0.132681 0.500000
vt 0.125000 0.507049
vt 0.391250 0.233756
vt 0.391250 0.235572
vt 0.389407 0.235610
vt 0.389431 0.233753
vt 0.391250 0.237360
vt 0.389395 0.237450
vt 0.391250 0.239097
vt 0.389388 0.239211
vt 0.391250 0.240762
vt 0.389386 0.240863
vt 0.391250 0.242334
vt 0.389388 0.242389
vt 0.391250 0.243791
vt 0.389392 0.243781
vt 0.391250 0.250000
vt 0.389393 0.250000
vt 0.387562 0.235619
vt 0.387634 0.233744
vt 0.387529 0.237485
vt 0.387527 0.239248
vt 0.387548 0.240865
vt 0.387577 0.242329
vt 0.387603 0.243640
vt 0.387613 0.250000
vt 0.385777 0.235610
vt 0.385883 0.233730
vt 0.385740 0.237472
vt 0.385765 0.239212
vt 0.385830 0.240780
vt 0.385909 0.242171
vt 0.385974 0.243398
vt 0.386003 0.250000
vt 0.384094 0.235588
vt 0.384199 0.233711
vt 0.384085 0.237427
vt 0.384162 0.239125
vt 0.384292 0.240633
vt 0.384438 0.241948
vt 0.384556 0.243090
vt 0.384609 0.250000
vt 0.382536 0.235557
vt 0.382604 0.233688
vt 0.382586 0.237367
vt 0.382737 0.239018
vt 0.382949 0.240465
vt 0.383174 0.241706
vt 0.383358 0.242764
vt 0.383443 0.250000
vt 0.381113 0.235520
vt 0.381118 0.233659
vt 0.381244 0.237305
vt 0.381481 0.238920
vt 0.381781 0.240321
vt 0.382094 0.241503
vt 0.382369 0.242476
vt 0.382505 0.250000
vt 0.375000 0.235481
vt 0.375000 0.233627
vt 0.375000 0.237255
vt 0.375000 0.238856
vt 0.375000 0.240240
vt 0.375000 0.241395
vt 0.375000 0.242322
vt 0.378434 0.253526
vt 0.391250 0.266250
vt 0.389431 0.266253
vt 0.389389 0.264413
vt 0.391250 0.264433
vt 0.387634 0.266262
vt 0.387541 0.264410
vt 0.385883 0.266275
vt 0.385765 0.264417
vt 0.384199 0.266294
vt 0.384094 0.264434
vt 0.382604 0.266318
vt 0.382544 0.264461
vt 0.381118 0.266346
vt 0.381125 0.264491
vt 0.375000 0.266379
vt 0.375000 0.264523
vt 0.389371 0.262576
vt 0.391250 0.262644
vt 0.387495 0.262552
vt 0.385718 0.262566
vt 0.384081 0.262606
vt 0.382595 0.262658
vt 0.381257 0.262710
vt 0.375000 0.262749
vt 0.389366 0.260805
vt 0.391250 0.260906
vt 0.387493 0.260778
vt 0.385739 0.260818
vt 0.384152 0.260902
vt 0.382739 0.261002
vt 0.381489 0.261092
vt 0.375000 0.261148
vt 0.389369 0.259141
vt 0.391250 0.259241
vt 0.387519 0.259142
vt 0.385807 0.259233
vt 0.384282 0.259381
vt 0.382947 0.259547
vt 0.381783 0.259687
vt 0.375000 0.259764
vt 0.389376 0.257605
vt 0.391250 0.257669
vt 0.387557 0.257666
vt 0.385892 0.257829
vt 0.384430 0.258057
vt 0.383172 0.258299
vt 0.382095 0.258502
vt 0.375000 0.258608
vt 0.389385 0.256210
vt 0.391250 0.256211
vt 0.387592 0.256349
vt 0.385966 0.256597
vt 0.384552 0.256910
vt 0.383356 0.257238
vt 0.382369 0.257527
vt 0.375000 0.257681
vt 0.858585 0.516250
vt 0.858596 0.514431
vt 0.860449 0.514389
vt 0.860415 0.516250
vt 0.858608 0.512635
vt 0.860472 0.512541
vt 0.858621 0.510884
vt 0.860491 0.510765
vt 0.858635 0.509200
vt 0.860506 0.509094
vt 0.858650 0.507605
vt 0.860517 0.507545
vt 0.858666 0.506119
vt 0.860527 0.506126
vt 0.858621 0.500000
vt 0.860476 0.500000
vt 0.862305 0.514371
vt 0.862224 0.516249
vt 0.862348 0.512495
vt 0.862360 0.510718
vt 0.862351 0.509081
vt 0.862333 0.507595
vt 0.862319 0.506258
vt 0.862251 0.500000
vt 0.864102 0.514365
vt 0.863988 0.516249
vt 0.864147 0.512493
vt 0.864131 0.510739
vt 0.864075 0.509152
vt 0.864005 0.507739
vt 0.863949 0.506489
vt 0.863852 0.500000
vt 0.865798 0.514367
vt 0.865686 0.516248
vt 0.865813 0.512518
vt 0.865743 0.510806
vt 0.865619 0.509281
vt 0.865480 0.507947
vt 0.865369 0.506783
vt 0.865236 0.500000
vt 0.867370 0.514374
vt 0.867296 0.516248
vt 0.867324 0.512555
vt 0.867177 0.510891
vt 0.866970 0.509429
vt 0.866749 0.508171
vt 0.866571 0.507094
vt 0.866392 0.500000
vt 0.868806 0.514383
vt 0.868798 0.516248
vt 0.868678 0.512590
vt 0.868443 0.510964
vt 0.868145 0.509551
vt 0.867834 0.508355
vt 0.867563 0.507368
vt 0.867319 0.500000
vt 0.875000 0.514518
vt 0.875000 0.516373
vt 0.875000 0.512745
vt 0.875000 0.511144
vt 0.875000 0.509760
vt 0.875000 0.508605
vt 0.875000 0.507678
vt 0.867949 0.500000
vt 0.608750 0.266250
vt 0.608750 0.264433
vt 0.610593 0.264395
vt 0.610569 0.266253
vt 0.608750 0.262644
vt 0.610605 0.262555
vt 0.608750 0.260906
vt 0.610612 0.260793
vt 0.608750 0.259241
vt 0.610614 0.259140
vt 0.608750 0.257669
vt 0.610612 0.257614
vt 0.608750 0.256211
vt 0.610608 0.256222
vt 0.608750 0.250000
vt 0.610607 0.250000
vt 0.612439 0.264386
vt 0.612366 0.266262
vt 0.612472 0.262519
vt 0.612472 0.260756
vt 0.612452 0.259138
vt 0.612423 0.257674
vt 0.612397 0.256362
vt 0.612387 0.250000
vt 0.614223 0.264395
vt 0.614117 0.266275
vt 0.614260 0.262532
vt 0.614235 0.260792
vt 0.614170 0.259223
vt 0.614091 0.257831
vt 0.614026 0.256605
vt 0.613997 0.250000
vt 0.615906 0.264417
vt 0.615801 0.266294
vt 0.615915 0.262577
vt 0.615838 0.260879
vt 0.615707 0.259371
vt 0.615562 0.258055
vt 0.615444 0.256913
vt 0.615391 0.250000
vt 0.617464 0.264448
vt 0.617396 0.266318
vt 0.617414 0.262638
vt 0.617263 0.260986
vt 0.617051 0.259539
vt 0.616826 0.258297
vt 0.616642 0.257238
vt 0.616557 0.250000
vt 0.618887 0.264485
vt 0.618882 0.266346
vt 0.618756 0.262700
vt 0.618519 0.261084
vt 0.618219 0.259682
vt 0.617906 0.258500
vt 0.617631 0.257527
vt 0.617495 0.250000
vt 0.625000 0.264524
vt 0.625000 0.266379
vt 0.625000 0.262749
vt 0.625000 0.261148
vt 0.625000 0.259764
vt 0.625000 0.258608
vt 0.625000 0.257681
vt 0.621566 0.246476
vt 0.608750 0.233756
vt 0.610569 0.233753
vt 0.610611 0.235592
vt 0.608750 0.235572
vt 0.612366 0.233744
vt 0.612459 0.235595
vt 0.614117 0.233730
vt 0.614235 0.235588
vt 0.615801 0.233712
vt 0.615906 0.235571
vt 0.617396 0.233688
vt 0.617456 0.235545
vt 0.618882 0.233659
vt 0.618875 0.235514
vt 0.625000 0.233627
vt 0.625000 0.235482
vt 0.610629 0.237429
vt 0.608750 0.237360
vt 0.612504 0.237452
vt 0.614282 0.237438
vt 0.615919 0.237399
vt 0.617405 0.237347
vt 0.618743 0.237295
vt 0.625000 0.237255
vt 0.610634 0.239199
vt 0.608750 0.239097
vt 0.612507 0.239226
vt 0.614261 0.239186
vt 0.615848 0.239102
vt 0.617261 0.239002
vt 0.618512 0.238912
vt 0.625000 0.238856
vt 0.610631 0.240862
vt 0.608750 0.240762
vt 0.612481 0.240861
vt 0.614193 0.240771
vt 0.615718 0.240622
vt 0.617053 0.240456
vt 0.618217 0.240317
vt 0.625000 0.240240
vt 0.610624 0.242397
vt 0.608750 0.242334
vt 0.612443 0.242337
vt 0.614108 0.242174
vt 0.615570 0.241946
vt 0.616828 0.241704
vt 0.617905 0.241501
vt 0.625000 0.241395
vt 0.610615 0.243792
vt 0.608750 0.243791
vt 0.612408 0.243653
vt 0.614034 0.243405
vt 0.615448 0.243092
vt 0.616644 0.242765
vt 0.617631 0.242475
vt 0.625000 0.242322
vt 0.358056 0.733750
vt 0.359960 0.733750
vt 0.359993 0.735593
vt 0.358044 0.735569
vt 0.361840 0.733751
vt 0.361929 0.735605
vt 0.363670 0.733751
vt 0.363787 0.735613
vt 0.365429 0.733751
vt 0.365534 0.735615
vt 0.367093 0.733752
vt 0.367152 0.735613
vt 0.368642 0.733752
vt 0.368632 0.735610
vt 0.375000 0.733867
vt 0.375000 0.735725
vt 0.360001 0.737438
vt 0.358031 0.737365
vt 0.361967 0.737472
vt 0.363828 0.737473
vt 0.365541 0.737453
vt 0.367095 0.737424
vt 0.368491 0.737399
vt 0.375000 0.737510
vt 0.359994 0.739223
vt 0.358018 0.739116
vt 0.361958 0.739260
vt 0.363797 0.739235
vt 0.365459 0.739171
vt 0.366939 0.739092
vt 0.368246 0.739027
vt 0.375000 0.739127
vt 0.359978 0.740905
vt 0.358003 0.740800
vt 0.361920 0.740914
vt 0.363717 0.740839
vt 0.365316 0.740708
vt 0.366715 0.740562
vt 0.367933 0.740445
vt 0.375000 0.740530
vt 0.359956 0.742464
vt 0.357987 0.742395
vt 0.361868 0.742414
vt 0.363618 0.742263
vt 0.365153 0.742052
vt 0.366474 0.741827
vt 0.367603 0.741643
vt 0.375000 0.741706
vt 0.359932 0.743886
vt 0.357971 0.743881
vt 0.361819 0.743756
vt 0.363530 0.743519
vt 0.365018 0.743219
vt 0.366274 0.742906
vt 0.367312 0.742632
vt 0.375000 0.742653
vt 0.367481 0.757519
vt 0.366502 0.758498
vt 0.368421 0.756579
vt 0.369273 0.755727
vt 0.370012 0.754988
vt 0.370631 0.754369
vt 0.371130 0.753870
vt 0.377289 0.750120
vt 0.391250 0.733755
vt 0.391250 0.735576
vt 0.389407 0.735620
vt 0.389431 0.733757
vt 0.391250 0.737380
vt 0.389395 0.737476
vt 0.391250 0.739143
vt 0.389388 0.739264
vt 0.391250 0.740843
vt 0.389386 0.740952
vt 0.391250 0.742459
vt 0.389388 0.742523
vt 0.391250 0.743970
vt 0.389392 0.743966
vt 0.391250 0.750000
vt 0.389393 0.750000
vt 0.387562 0.735646
vt 0.387634 0.733764
vt 0.387529 0.737529
vt 0.387527 0.739319
vt 0.387548 0.740973
vt 0.387577 0.742480
vt 0.387603 0.743840
vt 0.387613 0.750000
vt 0.385777 0.735663
vt 0.385883 0.733776
vt 0.385740 0.737544
vt 0.385765 0.739311
vt 0.385830 0.740914
vt 0.385909 0.742347
vt 0.385974 0.743618
vt 0.386003 0.750000
vt 0.384094 0.735677
vt 0.384199 0.733792
vt 0.384085 0.737535
vt 0.384162 0.739260
vt 0.384292 0.740800
vt 0.384438 0.742152
vt 0.384556 0.743335
vt 0.384609 0.750000
vt 0.382536 0.735691
vt 0.382604 0.733813
vt 0.382586 0.737518
vt 0.382737 0.739194
vt 0.382949 0.740669
vt 0.383174 0.741943
vt 0.383358 0.743036
vt 0.383443 0.750000
vt 0.381113 0.735706
vt 0.381118 0.733838
vt 0.381244 0.737506
vt 0.381481 0.739141
vt 0.381781 0.740566
vt 0.382094 0.741774
vt 0.382369 0.742775
vt 0.382505 0.750000
vt 0.391250 0.767115
vt 0.389431 0.767112
vt 0.389389 0.765168
vt 0.391250 0.765196
vt 0.387634 0.767105
vt 0.387541 0.765148
vt 0.385883 0.767093
vt 0.385765 0.765127
vt 0.384199 0.767075
vt 0.384094 0.765108
vt 0.382604 0.767053
vt 0.382544 0.765088
vt 0.381118 0.767027
vt 0.381125 0.765067
vt 0.389371 0.763216
vt 0.391250 0.763296
vt 0.387496 0.763173
vt 0.385718 0.763159
vt 0.384081 0.763162
vt 0.382594 0.763172
vt 0.381257 0.763174
vt 0.389366 0.761323
vt 0.391250 0.761439
vt 0.387493 0.761276
vt 0.385739 0.761288
vt 0.384152 0.761340
vt 0.382739 0.761402
vt 0.381489 0.761449
vt 0.389369 0.759533
vt 0.391250 0.759647
vt 0.387519 0.759514
vt 0.385807 0.759582
vt 0.384282 0.759703
vt 0.382947 0.759839
vt 0.381783 0.759943
vt 0.389376 0.757869
vt 0.391250 0.757945
vt 0.387557 0.757914
vt 0.385892 0.758060
vt 0.384430 0.758270
vt 0.383171 0.758491
vt 0.382095 0.758667
vt 0.389385 0.756344
vt 0.391250 0.756353
vt 0.387592 0.756475
vt 0.385966 0.756715
vt 0.384552 0.757019
vt 0.383356 0.757336
vt 0.382369 0.757612
vt 0.641945 0.733750
vt 0.641956 0.735569
vt 0.640025 0.735611
vt 0.640040 0.733750
vt 0.641969 0.737365
vt 0.640024 0.737459
vt 0.641982 0.739116
vt 0.640029 0.739235
vt 0.641997 0.740800
vt 0.640040 0.740906
vt 0.642013 0.742395
vt 0.640057 0.742455
vt 0.642029 0.743881
vt 0.640075 0.743874
vt 0.633498 0.758498
vt 0.632519 0.757519
vt 0.638093 0.735629
vt 0.638160 0.733751
vt 0.638068 0.737505
vt 0.638078 0.739282
vt 0.638110 0.740919
vt 0.638153 0.742405
vt 0.638192 0.743743
vt 0.631579 0.756579
vt 0.636226 0.735635
vt 0.636330 0.733751
vt 0.636195 0.737507
vt 0.636230 0.739261
vt 0.636308 0.740848
vt 0.636400 0.742261
vt 0.636479 0.743511
vt 0.630727 0.755727
vt 0.634467 0.735632
vt 0.634571 0.733751
vt 0.634464 0.737482
vt 0.634550 0.739194
vt 0.634695 0.740719
vt 0.634855 0.742053
vt 0.634987 0.743217
vt 0.629988 0.754988
vt 0.632839 0.735625
vt 0.632907 0.733752
vt 0.632897 0.737445
vt 0.633059 0.739109
vt 0.633286 0.740571
vt 0.633528 0.741829
vt 0.633727 0.742906
vt 0.629369 0.754369
vt 0.631355 0.735616
vt 0.631358 0.733752
vt 0.631495 0.737409
vt 0.631746 0.739035
vt 0.632064 0.740449
vt 0.632396 0.741645
vt 0.632688 0.742632
vt 0.628870 0.753870
vt 0.625000 0.735725
vt 0.625000 0.733867
vt 0.625000 0.737510
vt 0.625000 0.739127
vt 0.625000 0.740530
vt 0.625000 0.741706
vt 0.625000 0.742653
vt 0.625064 0.747766
vt 0.608750 0.767115
vt 0.608750 0.765196
vt 0.610593 0.765150
vt 0.610569 0.767112
vt 0.608750 0.763296
vt 0.610605 0.763194
vt 0.608750 0.761438
vt 0.610612 0.761310
vt 0.608750 0.759647
vt 0.610614 0.759532
vt 0.608750 0.757945
vt 0.610612 0.757878
vt 0.608750 0.756353
vt 0.610608 0.756357
vt 0.608750 0.750000
vt 0.610607 0.750000
vt 0.612439 0.765123
vt 0.612366 0.767105
vt 0.612471 0.763138
vt 0.612472 0.761252
vt 0.612452 0.759510
vt 0.612423 0.757923
vt 0.612397 0.756490
vt 0.612387 0.750000
vt 0.614223 0.765104
vt 0.614117 0.767093
vt 0.614260 0.763123
vt 0.614235 0.761261
vt 0.614170 0.759572
vt 0.614091 0.758063
vt 0.614026 0.756723
vt 0.613997 0.750000
vt 0.615906 0.765089
vt 0.615801 0.767075
vt 0.615915 0.763132
vt 0.615838 0.761315
vt 0.615708 0.759692
vt 0.615562 0.758268
vt 0.615444 0.757022
vt 0.615391 0.750000
vt 0.617464 0.765075
vt 0.617396 0.767053
vt 0.617414 0.763150
vt 0.617263 0.761384
vt 0.617051 0.759830
vt 0.616826 0.758488
vt 0.616642 0.757337
vt 0.616557 0.750000
vt 0.618887 0.765059
vt 0.618882 0.767027
vt 0.618756 0.763163
vt 0.618519 0.761440
vt 0.618219 0.759938
vt 0.617906 0.758666
vt 0.617631 0.757611
vt 0.617495 0.750000
vt 0.608750 0.733755
vt 0.610569 0.733757
vt 0.610611 0.735602
vt 0.608750 0.735576
vt 0.612366 0.733764
vt 0.612459 0.735622
vt 0.614117 0.733776
vt 0.614235 0.735641
vt 0.615801 0.733792
vt 0.615906 0.735660
vt 0.617396 0.733813
vt 0.617456 0.735678
vt 0.618882 0.733838
vt 0.618875 0.735699
vt 0.610629 0.737455
vt 0.608750 0.737380
vt 0.612505 0.737496
vt 0.614282 0.737510
vt 0.615919 0.737507
vt 0.617405 0.737497
vt 0.618743 0.737495
vt 0.610634 0.739252
vt 0.608750 0.739143
vt 0.612507 0.739297
vt 0.614261 0.739285
vt 0.615848 0.739237
vt 0.617261 0.739177
vt 0.618511 0.739133
vt 0.610631 0.740951
vt 0.608750 0.740843
vt 0.612481 0.740969
vt 0.614193 0.740905
vt 0.615718 0.740789
vt 0.617053 0.740661
vt 0.618217 0.740562
vt 0.610624 0.742531
vt 0.608750 0.742459
vt 0.612443 0.742489
vt 0.614108 0.742349
vt 0.615570 0.742150
vt 0.616829 0.741940
vt 0.617905 0.741773
vt 0.610615 0.743978
vt 0.608750 0.743970
vt 0.612408 0.743854
vt 0.614034 0.743626
vt 0.615448 0.743338
vt 0.616644 0.743037
vt 0.617631 0.742775
vt 0.358585 0.516250
vt 0.358596 0.514431
vt 0.360449 0.514389
vt 0.360416 0.516250
vt 0.358608 0.512635
vt 0.360472 0.512541
vt 0.358622 0.510884
vt 0.360492 0.510765
vt 0.358636 0.509200
vt 0.360506 0.509094
vt 0.358651 0.507605
vt 0.360517 0.507545
vt 0.358666 0.506119
vt 0.360528 0.506126
vt 0.366817 0.491817
vt 0.367744 0.492744
vt 0.362306 0.514371
vt 0.362224 0.516249
vt 0.362349 0.512495
vt 0.362360 0.510718
vt 0.362351 0.509081
vt 0.362333 0.507595
vt 0.362319 0.506257
vt 0.368632 0.493632
vt 0.364102 0.514365
vt 0.363989 0.516249
vt 0.364147 0.512493
vt 0.364131 0.510739
vt 0.364075 0.509152
vt 0.364005 0.507739
vt 0.363949 0.506489
vt 0.369433 0.494433
vt 0.365798 0.514368
vt 0.365686 0.516249
vt 0.365813 0.512518
vt 0.365743 0.510806
vt 0.365619 0.509281
vt 0.365480 0.507947
vt 0.365369 0.506783
vt 0.370125 0.495126
vt 0.367370 0.514375
vt 0.367296 0.516248
vt 0.367324 0.512555
vt 0.367178 0.510891
vt 0.366970 0.509429
vt 0.366749 0.508171
vt 0.366571 0.507094
vt 0.370704 0.495704
vt 0.368806 0.514383
vt 0.368798 0.516248
vt 0.368678 0.512591
vt 0.368443 0.510965
vt 0.368145 0.509551
vt 0.367834 0.508355
vt 0.367563 0.507368
vt 0.371168 0.496168
vt 0.375000 0.514507
vt 0.375000 0.516362
vt 0.375000 0.512732
vt 0.375000 0.511131
vt 0.375000 0.509746
vt 0.375000 0.508590
vt 0.375000 0.507662
vt 0.374945 0.502344
vt 0.391250 0.483750
vt 0.391250 0.485567
vt 0.389407 0.485605
vt 0.389431 0.483747
vt 0.391250 0.487356
vt 0.389395 0.487446
vt 0.391250 0.489096
vt 0.389388 0.489210
vt 0.391250 0.490763
vt 0.389386 0.490864
vt 0.391250 0.492337
vt 0.389388 0.492393
vt 0.391250 0.493798
vt 0.389392 0.493787
vt 0.391250 0.500000
vt 0.389393 0.500000
vt 0.387562 0.485616
vt 0.387634 0.483740
vt 0.387529 0.487483
vt 0.387527 0.489248
vt 0.387548 0.490867
vt 0.387577 0.492334
vt 0.387603 0.493648
vt 0.387613 0.500000
vt 0.385777 0.485608
vt 0.385883 0.483727
vt 0.385740 0.487472
vt 0.385765 0.489213
vt 0.385830 0.490783
vt 0.385909 0.492177
vt 0.385974 0.493406
vt 0.386003 0.500000
vt 0.384094 0.485588
vt 0.384199 0.483710
vt 0.384085 0.487428
vt 0.384162 0.489128
vt 0.384292 0.490638
vt 0.384438 0.491955
vt 0.384556 0.493100
vt 0.384609 0.500000
vt 0.382536 0.485559
vt 0.382604 0.483689
vt 0.382586 0.487370
vt 0.382737 0.489023
vt 0.382949 0.490472
vt 0.383174 0.491715
vt 0.383358 0.492775
vt 0.383443 0.500000
vt 0.381113 0.485524
vt 0.381118 0.483663
vt 0.381244 0.487311
vt 0.381481 0.488928
vt 0.381781 0.490330
vt 0.382094 0.491513
vt 0.382369 0.492488
vt 0.382505 0.500000
vt 0.391250 0.516245
vt 0.389431 0.516248
vt 0.389389 0.514408
vt 0.391250 0.514429
vt 0.387634 0.516256
vt 0.387541 0.514404
vt 0.385883 0.516268
vt 0.385765 0.514410
vt 0.384199 0.516285
vt 0.384094 0.514426
vt 0.382604 0.516307
vt 0.382544 0.514449
vt 0.381118 0.516332
vt 0.381125 0.514478
vt 0.389371 0.512571
vt 0.391250 0.512640
vt 0.387495 0.512546
vt 0.385718 0.512559
vt 0.384081 0.512596
vt 0.382595 0.512646
vt 0.381257 0.512696
vt 0.389366 0.510799
vt 0.391250 0.510901
vt 0.387493 0.510772
vt 0.385739 0.510810
vt 0.384152 0.510892
vt 0.382739 0.510990
vt 0.381489 0.511078
vt 0.389369 0.509134
vt 0.391250 0.509234
vt 0.387519 0.509134
vt 0.385807 0.509223
vt 0.384282 0.509370
vt 0.382947 0.509534
vt 0.381783 0.509671
vt 0.389376 0.507597
vt 0.391250 0.507661
vt 0.387557 0.507656
vt 0.385892 0.507818
vt 0.384430 0.508044
vt 0.383171 0.508285
vt 0.382095 0.508485
vt 0.389385 0.506199
vt 0.391250 0.506200
vt 0.387592 0.506337
vt 0.385966 0.506584
vt 0.384552 0.506896
vt 0.383356 0.507222
vt 0.382369 0.507510
vt 0.641415 0.516250
vt 0.639584 0.516250
vt 0.639533 0.514407
vt 0.641404 0.514431
vt 0.637776 0.516249
vt 0.637673 0.514395
vt 0.636011 0.516249
vt 0.635885 0.514387
vt 0.634314 0.516249
vt 0.634202 0.514385
vt 0.632704 0.516248
vt 0.632638 0.514387
vt 0.631202 0.516248
vt 0.631206 0.514390
vt 0.625000 0.516362
vt 0.625000 0.514507
vt 0.639504 0.512562
vt 0.641392 0.512635
vt 0.637618 0.512528
vt 0.635830 0.512527
vt 0.634183 0.512547
vt 0.632685 0.512576
vt 0.631335 0.512601
vt 0.625000 0.512733
vt 0.639486 0.510777
vt 0.641378 0.510884
vt 0.637606 0.510740
vt 0.635843 0.510765
vt 0.634247 0.510829
vt 0.632825 0.510908
vt 0.631565 0.510973
vt 0.625000 0.511131
vt 0.639476 0.509095
vt 0.641364 0.509200
vt 0.637620 0.509086
vt 0.635902 0.509161
vt 0.634370 0.509292
vt 0.633029 0.509438
vt 0.631858 0.509555
vt 0.625000 0.509746
vt 0.639470 0.507536
vt 0.641349 0.507605
vt 0.637646 0.507586
vt 0.635978 0.507736
vt 0.634512 0.507948
vt 0.633248 0.508173
vt 0.632166 0.508357
vt 0.625000 0.508590
vt 0.639466 0.506114
vt 0.641334 0.506119
vt 0.637670 0.506244
vt 0.636042 0.506481
vt 0.634626 0.506781
vt 0.633428 0.507094
vt 0.632437 0.507368
vt 0.625000 0.507662
vt 0.632255 0.492745
vt 0.633183 0.491817
vt 0.631368 0.493632
vt 0.630567 0.494433
vt 0.629874 0.495126
vt 0.629296 0.495704
vt 0.628832 0.496168
vt 0.622711 0.499999
vt 0.608750 0.516245
vt 0.608750 0.514429
vt 0.610593 0.514390
vt 0.610569 0.516248
vt 0.608750 0.512640
vt 0.610605 0.512550
vt 0.608750 0.510901
vt 0.610612 0.510787
vt 0.608750 0.509234
vt 0.610614 0.509133
vt 0.608750 0.507661
vt 0.610612 0.507605
vt 0.608750 0.506200
vt 0.610608 0.506211
vt 0.608750 0.500000
vt 0.610607 0.500000
vt 0.612438 0.514380
vt 0.612366 0.516256
vt 0.612471 0.512513
vt 0.612472 0.510749
vt 0.612452 0.509130
vt 0.612423 0.507664
vt 0.612397 0.506350
vt 0.612387 0.500000
vt 0.614223 0.514388
vt 0.614117 0.516268
vt 0.614260 0.512525
vt 0.614235 0.510784
vt 0.614170 0.509214
vt 0.614091 0.507820
vt 0.614026 0.506592
vt 0.613997 0.500000
vt 0.615906 0.514408
vt 0.615801 0.516285
vt 0.615915 0.512568
vt 0.615838 0.510869
vt 0.615708 0.509359
vt 0.615561 0.508043
vt 0.615444 0.506898
vt 0.615391 0.500000
vt 0.617464 0.514437
vt 0.617396 0.516307
vt 0.617414 0.512626
vt 0.617263 0.510974
vt 0.617051 0.509526
vt 0.616826 0.508282
vt 0.616642 0.507222
vt 0.616557 0.500000
vt 0.618887 0.514471
vt 0.618882 0.516332
vt 0.618756 0.512686
vt 0.618519 0.511069
vt 0.618219 0.509667
vt 0.617906 0.508484
vt 0.617631 0.507510
vt 0.617495 0.500000
vt 0.608750 0.483750
vt 0.610569 0.483747
vt 0.610611 0.485588
vt 0.608750 0.485567
vt 0.612366 0.483740
vt 0.612459 0.485592
vt 0.614117 0.483727
vt 0.614235 0.485586
vt 0.615801 0.483710
vt 0.615906 0.485570
vt 0.617396 0.483689
vt 0.617456 0.485547
vt 0.618882 0.483663
vt 0.618875 0.485518
vt 0.610629 0.487426
vt 0.608750 0.487356
vt 0.612505 0.487450
vt 0.614282 0.487438
vt 0.615919 0.487400
vt 0.617406 0.487350
vt 0.618743 0.487301
vt 0.610634 0.489198
vt 0.608750 0.489096
vt 0.612507 0.489225
vt 0.614261 0.489187
vt 0.615848 0.489105
vt 0.617261 0.489007
vt 0.618511 0.488919
vt 0.610631 0.490863
vt 0.608750 0.490763
vt 0.612481 0.490863
vt 0.614193 0.490774
vt 0.615718 0.490627
vt 0.617053 0.490463
vt 0.618217 0.490326
vt 0.610624 0.492401
vt 0.608750 0.492337
vt 0.612443 0.492342
vt 0.614108 0.492180
vt 0.615570 0.491953
vt 0.616828 0.491713
vt 0.617905 0.491512
vt 0.610615 0.493799
vt 0.608750 0.493798
vt 0.612408 0.493661
vt 0.614034 0.493414
vt 0.615448 0.493102
vt 0.616644 0.492776
vt 0.617631 0.492488
s 0
usemtl Material.038
f 97/153/65 100/154/65 108/155/65 107/156/65
f 100/154/66 101/157/66 109/158/66 108/155/66
f 101/157/67 102/159/67 110/160/67 109/158/67
f 102/159/68 103/161/68 111/162/68 110/160/68
f 103/161/69 104/163/69 112/164/69 111/162/69
f 104/163/70 105/165/70 113/166/70 112/164/70
f 105/165/71 106/167/71 114/168/71 113/166/71
f 107/156/72 108/155/72 116/169/72 115/170/72
f 108/155/73 109/158/73 117/171/73 116/169/73
f 109/158/74 110/160/74 118/172/74 117/171/74
f 110/160/75 111/162/75 119/173/75 118/172/75
f 111/162/76 112/164/76 120/174/76 119/173/76
f 112/164/77 113/166/77 121/175/77 120/174/77
f 113/166/78 114/168/78 122/176/78 121/175/78
f 115/170/79 116/169/79 124/177/79 123/178/79
f 116/169/80 117/171/80 125/179/80 124/177/80
f 117/171/81 118/172/81 126/180/81 125/179/81
f 118/172/82 119/173/82 127/181/82 126/180/82
f 119/173/83 120/174/83 128/182/83 127/181/83
f 120/174/84 121/175/84 129/183/84 128/182/84
f 121/175/85 122/176/85 130/184/85 129/183/85
f 123/178/86 124/177/86 132/185/86 131/186/86
f 124/177/87 125/179/87 133/187/87 132/185/87
f 125/179/88 126/180/88 134/188/88 133/187/88
f 126/180/89 127/181/89 135/189/89 134/188/89
f 127/181/90 128/182/90 136/190/90 135/189/90
f 128/182/91 129/183/91 137/191/91 136/190/91
f 129/183/92 130/184/92 138/192/92 137/191/92
f 131/186/93 132/185/93 140/193/93 139/194/93
f 132/185/94 133/187/94 141/195/94 140/193/94
f 133/187/95 134/188/95 142/196/95 141/195/95
f 134/188/96 135/189/96 143/197/96 142/196/96
f 135/189/97 136/190/97 144/198/97 143/197/97
f 136/190/98 137/191/98 145/199/98 144/198/98
f 137/191/99 138/192/99 146/200/99 145/199/99
f 139/194/100 140/193/100 148/201/100 147/202/100
f 140/193/101 141/195/101 149/203/101 148/201/101
f 141/195/102 142/196/102 150/204/102 149/203/102
f 142/196/103 143/197/103 151/205/103 150/204/103
f 143/197/104 144/198/104 152/206/104 151/205/104
f 144/198/105 145/199/105 153/207/105 152/206/105
f 145/199/106 146/200/106 154/208/106 153/207/106
f 147/202/107 148/201/107 225/209/107 217/210/107
f 148/201/108 149/203/108 233/211/108 225/209/108
f 149/203/109 150/204/109 241/212/109 233/211/109
f 150/204/110 151/205/110 249/213/110 241/212/110
f 151/205/111 152/206/111 257/214/111 249/213/111
f 152/206/112 153/207/112 265/215/112 257/214/112
f 153/207/113 154/208/113 155/216/113 265/215/113
f 98/217/114 156/218/114 164/219/114 163/220/114
f 156/218/115 157/221/115 165/222/115 164/219/115
f 157/221/116 158/223/116 166/224/116 165/222/116
f 158/223/117 159/225/117 167/226/117 166/224/117
f 159/225/118 160/227/118 168/228/118 167/226/118
f 160/227/119 161/229/119 169/230/119 168/228/119
f 161/229/120 162/231/120 170/232/120 169/230/120
f 163/220/121 164/219/121 172/233/121 171/234/121
f 164/219/122 165/222/122 173/235/122 172/233/122
f 165/222/123 166/224/123 174/236/123 173/235/123
f 166/224/124 167/226/124 175/237/124 174/236/124
f 167/226/125 168/228/125 176/238/125 175/237/125
f 168/228/126 169/230/126 177/239/126 176/238/126
f 169/230/127 170/232/127 178/240/127 177/239/127
f 171/234/128 172/233/128 180/241/128 179/242/128
f 172/233/129 173/235/129 181/243/129 180/241/129
f 173/235/130 174/236/130 182/244/130 181/243/130
f 174/236/131 175/237/131 183/245/131 182/244/131
f 175/237/132 176/238/132 184/246/132 183/245/132
f 176/238/133 177/239/133 185/247/133 184/246/133
f 177/239/134 178/240/134 186/248/134 185/247/134
f 179/242/135 180/241/135 188/249/135 187/250/135
f 180/241/136 181/243/136 189/251/136 188/249/136
f 181/243/137 182/244/137 190/252/137 189/251/137
f 182/244/138 183/245/138 191/253/138 190/252/138
f 183/245/139 184/246/139 192/254/139 191/253/139
f 184/246/140 185/247/140 193/255/140 192/254/140
f 185/247/141 186/248/141 194/256/141 193/255/141
f 187/250/142 188/249/142 196/257/142 195/258/142
f 188/249/143 189/251/143 197/259/143 196/257/143
f 189/251/144 190/252/144 198/260/144 197/259/144
f 190/252/145 191/253/145 199/261/145 198/260/145
f 191/253/146 192/254/146 200/262/146 199/261/146
f 192/254/147 193/255/147 201/263/147 200/262/147
f 193/255/148 194/256/148 202/264/148 201/263/148
f 195/258/149 196/257/149 204/265/149 203/266/149
f 196/257/150 197/259/150 205/267/150 204/265/150
f 197/259/151 198/260/151 206/268/151 205/267/151
f 198/260/152 199/261/152 207/269/152 206/268/152
f 199/261/153 200/262/153 208/270/153 207/269/153
f 200/262/154 201/263/154 209/271/154 208/270/154
f 201/263/155 202/264/155 210/272/155 209/271/155
f 203/266/156 204/265/156 114/273/156 106/274/156
f 204/265/157 205/267/157 122/275/157 114/273/157
f 205/267/158 206/268/158 130/276/158 122/275/158
f 206/268/159 207/269/159 138/277/159 130/276/159
f 207/269/160 208/270/160 146/278/160 138/277/160
f 208/270/161 209/271/161 154/279/161 146/278/161
f 209/271/162 210/272/162 155/280/162 154/279/162
f 99/281/163 211/282/163 219/283/163 218/284/163
f 211/282/164 212/285/164 220/286/164 219/283/164
f 212/285/165 213/287/165 221/288/165 220/286/165
f 213/287/166 214/289/166 222/290/166 221/288/166
f 214/289/167 215/291/167 223/292/167 222/290/167
f 215/291/168 216/293/168 224/294/168 223/292/168
f 216/293/169 217/295/169 225/296/169 224/294/169
f 218/284/170 219/283/170 227/297/170 226/298/170
f 219/283/171 220/286/171 228/299/171 227/297/171
f 220/286/172 221/288/172 229/300/172 228/299/172
f 221/288/173 222/290/173 230/301/173 229/300/173
f 222/290/174 223/292/174 231/302/174 230/301/174
f 223/292/175 224/294/175 232/303/175 231/302/175
f 224/294/176 225/296/176 233/304/176 232/303/176
f 226/298/177 227/297/177 235/305/177 234/306/177
f 227/297/178 228/299/178 236/307/178 235/305/178
f 228/299/179 229/300/179 237/308/179 236/307/179
f 229/300/180 230/301/180 238/309/180 237/308/180
f 230/301/181 231/302/181 239/310/181 238/309/181
f 231/302/182 232/303/182 240/311/182 239/310/182
f 232/303/183 233/304/183 241/312/183 240/311/183
f 234/306/184 235/305/184 243/313/184 242/314/184
f 235/305/185 236/307/185 244/315/185 243/313/185
f 236/307/186 237/308/186 245/316/186 244/315/186
f 237/308/187 238/309/187 246/317/187 245/316/187
f 238/309/188 239/310/188 247/318/188 246/317/188
f 239/310/189 240/311/189 248/319/189 247/318/189
f 240/311/190 241/312/190 249/320/190 248/319/190
f 242/314/191 243/313/191 251/321/191 250/322/191
f 243/313/192 244/315/192 252/323/192 251/321/192
f 244/315/193 245/316/193 253/324/193 252/323/193
f 245/316/194 246/317/194 254/325/194 253/324/194
f 246/317/195 247/318/195 255/326/195 254/325/195
f 247/318/196 248/319/196 256/327/196 255/326/196
f 248/319/197 249/320/197 257/328/197 256/327/197
f 250/322/198 251/321/198 259/329/198 258/330/198
f 251/321/199 252/323/199 260/331/199 259/329/199
f 252/323/200 253/324/200 261/332/200 260/331/200
f 253/324/201 254/325/201 262/333/201 261/332/201
f 254/325/202 255/326/202 263/334/202 262/333/202
f 255/326/203 256/327/203 264/335/203 263/334/203
f 256/327/204 257/328/204 265/336/204 264/335/204
f 258/330/205 259/329/205 170/337/205 162/338/205
f 259/329/206 260/331/206 178/339/206 170/337/206
f 260/331/207 261/332/207 186/340/207 178/339/207
f 261/332/208 262/333/208 194/341/208 186/340/208
f 262/333/209 263/334/209 202/342/209 194/341/209
f 263/334/210 264/335/210 210/343/210 202/342/210
f 264/335/211 265/336/211 155/344/211 210/343/211
f 266/345/212 269/346/212 277/347/212 276/348/212
f 269/346/213 270/349/213 278/350/213 277/347/213
f 270/349/214 271/351/214 279/352/214 278/350/214
f 271/351/215 272/353/215 280/354/215 279/352/215
f 272/353/216 273/355/216 281/356/216 280/354/216
f 273/355/217 274/357/217 282/358/217 281/356/217
f 274/357/218 275/359/218 283/360/218 282/358/218
f 276/348/219 277/347/219 285/361/219 284/362/219
f 277/347/220 278/350/220 286/363/220 285/361/220
f 278/350/221 279/352/221 287/364/221 286/363/221
f 279/352/222 280/354/222 288/365/222 287/364/222
f 280/354/223 281/356/223 289/366/223 288/365/223
f 281/356/224 282/358/224 290/367/224 289/366/224
f 282/358/225 283/360/225 291/368/225 290/367/225
f 284/362/226 285/361/226 293/369/226 292/370/226
f 285/361/227 286/363/227 294/371/227 293/369/227
f 286/363/228 287/364/228 295/372/228 294/371/228
f 287/364/229 288/365/229 296/373/229 295/372/229
f 288/365/230 289/366/230 297/374/230 296/373/230
f 289/366/231 290/367/231 298/375/231 297/374/231
f 290/367/232 291/368/232 299/376/232 298/375/232
f 292/370/233 293/369/233 301/377/233 300/378/233
f 293/369/234 294/371/234 302/379/234 301/377/234
f 294/371/235 295/372/235 303/380/235 302/379/235
f 295/372/236 296/373/236 304/381/236 303/380/236
f 296/373/237 297/374/237 305/382/237 304/381/237
f 297/374/238 298/375/238 306/383/238 305/382/238
f 298/375/239 299/376/239 307/384/239 306/383/239
f 300/378/240 301/377/240 309/385/240 308/386/240
f 301/377/241 302/379/241 310/387/241 309/385/241
f 302/379/242 303/380/242 311/388/242 310/387/242
f 303/380/243 304/381/243 312/389/243 311/388/243
f 304/381/244 305/382/244 313/390/244 312/389/244
f 305/382/245 306/383/245 314/391/245 313/390/245
f 306/383/246 307/384/246 315/392/246 314/391/246
f 308/386/247 309/385/247 317/393/247 316/394/247
f 309/385/248 310/387/248 318/395/248 317/393/248
f 310/387/249 311/388/249 319/396/249 318/395/249
f 311/388/250 312/389/250 320/397/250 319/396/250
f 312/389/251 313/390/251 321/398/251 320/397/251
f 313/390/252 314/391/252 322/399/252 321/398/252
f 314/391/253 315/392/253 323/400/253 322/399/253
f 316/394/254 317/393/254 394/401/254 386/402/254
f 317/393/255 318/395/255 402/403/255 394/401/255
f 318/395/256 319/396/256 410/404/256 402/403/256
f 319/396/257 320/397/257 418/405/257 410/404/257
f 320/397/258 321/398/258 426/406/258 418/405/258
f 321/398/259 322/399/259 434/407/259 426/406/259
f 322/399/260 323/400/260 324/408/260 434/407/260
f 267/409/261 325/410/261 333/411/261 332/412/261
f 325/410/262 326/413/262 334/414/262 333/411/262
f 326/413/263 327/415/263 335/416/263 334/414/263
f 327/415/264 328/417/264 336/418/264 335/416/264
f 328/417/265 329/419/265 337/420/265 336/418/265
f 329/419/266 330/421/266 338/422/266 337/420/266
f 330/421/267 331/423/267 339/424/267 338/422/267
f 332/412/268 333/411/268 341/425/268 340/426/268
f 333/411/269 334/414/269 342/427/269 341/425/269
f 334/414/270 335/416/270 343/428/270 342/427/270
f 335/416/271 336/418/271 344/429/271 343/428/271
f 336/418/272 337/420/272 345/430/272 344/429/272
f 337/420/273 338/422/273 346/431/273 345/430/273
f 338/422/274 339/424/274 347/432/274 346/431/274
f 340/426/275 341/425/275 349/433/275 348/434/275
f 341/425/276 342/427/276 350/435/276 349/433/276
f 342/427/277 343/428/277 351/436/277 350/435/277
f 343/428/278 344/429/278 352/437/278 351/436/278
f 344/429/279 345/430/279 353/438/279 352/437/279
f 345/430/280 346/431/280 354/439/280 353/438/280
f 346/431/281 347/432/281 355/440/281 354/439/281
f 348/434/282 349/433/282 357/441/282 356/442/282
f 349/433/283 350/435/283 358/443/283 357/441/283
f 350/435/284 351/436/284 359/444/284 358/443/284
f 351/436/285 352/437/285 360/445/285 359/444/285
f 352/437/286 353/438/286 361/446/286 360/445/286
f 353/438/287 354/439/287 362/447/287 361/446/287
f 354/439/288 355/440/288 363/448/288 362/447/288
f 356/442/289 357/441/289 365/449/289 364/450/289
f 357/441/290 358/443/290 366/451/290 365/449/290
f 358/443/291 359/444/291 367/452/291 366/451/291
f 359/444/292 360/445/292 368/453/292 367/452/292
f 360/445/293 361/446/293 369/454/293 368/453/293
f 361/446/294 362/447/294 370/455/294 369/454/294
f 362/447/295 363/448/295 371/456/295 370/455/295
f 364/450/296 365/449/296 373/457/296 372/458/296
f 365/449/297 366/451/297 374/459/297 373/457/297
f 366/451/298 367/452/298 375/460/298 374/459/298
f 367/452/299 368/453/299 376/461/299 375/460/299
f 368/453/300 369/454/300 377/462/300 376/461/300
f 369/454/301 370/455/301 378/463/301 377/462/301
f 370/455/302 371/456/302 379/464/302 378/463/302
f 372/458/303 373/457/303 283/465/303 275/466/303
f 373/457/304 374/459/304 291/467/304 283/465/304
f 374/459/305 375/460/305 299/468/305 291/467/305
f 375/460/306 376/461/306 307/469/306 299/468/306
f 376/461/307 377/462/307 315/470/307 307/469/307
f 377/462/308 378/463/308 323/471/308 315/470/308
f 378/463/309 379/464/309 324/472/309 323/471/309
f 268/473/310 380/474/310 388/475/310 387/476/310
f 380/474/311 381/477/311 389/478/311 388/475/311
f 381/477/312 382/479/312 390/480/312 389/478/312
f 382/479/313 383/481/313 391/482/313 390/480/313
f 383/481/314 384/483/314 392/484/314 391/482/314
f 384/483/315 385/485/315 393/486/315 392/484/315
f 385/485/316 386/487/316 394/488/316 393/486/316
f 387/476/317 388/475/317 396/489/317 395/490/317
f 388/475/318 389/478/318 397/491/318 396/489/318
f 389/478/319 390/480/319 398/492/319 397/491/319
f 390/480/320 391/482/320 399/493/320 398/492/320
f 391/482/321 392/484/321 400/494/321 399/493/321
f 392/484/322 393/486/322 401/495/322 400/494/322
f 393/486/323 394/488/323 402/496/323 401/495/323
f 395/490/324 396/489/324 404/497/324 403/498/324
f 396/489/325 397/491/325 405/499/325 404/497/325
f 397/491/326 398/492/326 406/500/326 405/499/326
f 398/492/327 399/493/327 407/501/327 406/500/327
f 399/493/328 400/494/328 408/502/328 407/501/328
f 400/494/329 401/495/329 409/503/329 408/502/329
f 401/495/330 402/496/330 410/504/330 409/503/330
f 403/498/331 404/497/331 412/505/331 411/506/331
f 404/497/332 405/499/332 413/507/332 412/505/332
f 405/499/333 406/500/333 414/508/333 413/507/333
f 406/500/334 407/501/334 415/509/334 414/508/334
f 407/501/335 408/502/335 416/510/335 415/509/335
f 408/502/336 409/503/336 417/511/336 416/510/336
f 409/503/337 410/504/337 418/512/337 417/511/337
f 411/506/338 412/505/338 420/513/338 419/514/338
f 412/505/339 413/507/339 421/515/339 420/513/339
f 413/507/340 414/508/340 422/516/340 421/515/340
f 414/508/341 415/509/341 423/517/341 422/516/341
f 415/509/342 416/510/342 424/518/342 423/517/342
f 416/510/343 417/511/343 425/519/343 424/518/343
f 417/511/344 418/512/344 426/520/344 425/519/344
f 419/514/345 420/513/345 428/521/345 427/522/345
f 420/513/346 421/515/346 429/523/346 428/521/346
f 421/515/347 422/516/347 430/524/347 429/523/347
f 422/516/348 423/517/348 431/525/348 430/524/348
f 423/517/349 424/518/349 432/526/349 431/525/349
f 424/518/350 425/519/350 433/527/350 432/526/350
f 425/519/351 426/520/351 434/528/351 433/527/351
f 427/522/352 428/521/352 339/529/352 331/530/352
f 428/521/353 429/523/353 347/531/353 339/529/353
f 429/523/354 430/524/354 355/532/354 347/531/354
f 430/524/355 431/525/355 363/533/355 355/532/355
f 431/525/356 432/526/356 371/534/356 363/533/356
f 432/526/357 433/527/357 379/535/357 371/534/357
f 433/527/358 434/528/358 324/536/358 379/535/358
f 435/537/359 438/538/359 446/539/359 445/540/359
f 438/538/360 439/541/360 447/542/360 446/539/360
f 439/541/361 440/543/361 448/544/361 447/542/361
f 440/543/362 441/545/362 449/546/362 448/544/362
f 441/545/363 442/547/363 450/548/363 449/546/363
f 442/547/364 443/549/364 451/550/364 450/548/364
f 443/549/365 444/551/365 452/552/365 451/550/365
f 445/540/366 446/539/366 454/553/366 453/554/366
f 446/539/367 447/542/367 455/555/367 454/553/367
f 447/542/368 448/544/368 456/556/368 455/555/368
f 448/544/369 449/546/369 457/557/369 456/556/369
f 449/546/370 450/548/370 458/558/370 457/557/370
f 450/548/371 451/550/371 459/559/371 458/558/371
f 451/550/372 452/552/372 460/560/372 459/559/372
f 453/554/373 454/553/373 462/561/373 461/562/373
f 454/553/374 455/555/374 463/563/374 462/561/374
f 455/555/375 456/556/375 464/564/375 463/563/375
f 456/556/376 457/557/376 465/565/376 464/564/376
f 457/557/377 458/558/377 466/566/377 465/565/377
f 458/558/378 459/559/378 467/567/378 466/566/378
f 459/559/379 460/560/379 468/568/379 467/567/379
f 461/562/380 462/561/380 470/569/380 469/570/380
f 462/561/381 463/563/381 471/571/381 470/569/381
f 463/563/382 464/564/382 472/572/382 471/571/382
f 464/564/383 465/565/383 473/573/383 472/572/383
f 465/565/384 466/566/384 474/574/384 473/573/384
f 466/566/385 467/567/385 475/575/385 474/574/385
f 467/567/386 468/568/386 476/576/386 475/575/386
f 469/570/387 470/569/387 478/577/387 477/578/387
f 470/569/388 471/571/388 479/579/388 478/577/388
f 471/571/389 472/572/389 480/580/389 479/579/389
f 472/572/390 473/573/390 481/581/390 480/580/390
f 473/573/391 474/574/391 482/582/391 481/581/391
f 474/574/392 475/575/392 483/583/392 482/582/392
f 475/575/393 476/576/393 484/584/393 483/583/393
f 477/578/394 478/577/394 486/585/394 485/586/394
f 478/577/395 479/579/395 487/587/395 486/585/395
f 479/579/396 480/580/396 488/588/396 487/587/396
f 480/580/397 481/581/397 489/589/397 488/588/397
f 481/581/398 482/582/398 490/590/398 489/589/398
f 482/582/399 483/583/399 491/591/399 490/590/399
f 483/583/400 484/584/400 492/592/400 491/591/400
f 485/586/401 486/585/401 563/593/401 555/594/401
f 486/585/402 487/587/402 571/595/402 563/593/402
f 487/587/403 488/588/403 579/596/403 571/595/403
f 488/588/404 489/589/404 587/597/404 579/596/404
f 489/589/405 490/590/405 595/598/405 587/597/405
f 490/590/406 491/591/406 603/599/406 595/598/406
f 491/591/407 492/592/407 493/600/407 603/599/407
f 436/601/408 494/602/408 502/603/408 501/604/408
f 494/602/409 495/605/409 503/606/409 502/603/409
f 495/605/410 496/607/410 504/608/410 503/606/410
f 496/607/411 497/609/411 505/610/411 504/608/411
f 497/609/412 498/611/412 506/612/412 505/610/412
f 498/611/413 499/613/413 507/614/413 506/612/413
f 499/613/414 500/615/414 508/616/414 507/614/414
f 501/604/415 502/603/415 510/617/415 509/618/415
f 502/603/416 503/606/416 511/619/416 510/617/416
f 503/606/417 504/608/417 512/620/417 511/619/417
f 504/608/418 505/610/418 513/621/418 512/620/418
f 505/610/419 506/612/419 514/622/419 513/621/419
f 506/612/420 507/614/420 515/623/420 514/622/420
f 507/614/421 508/616/421 516/624/421 515/623/421
f 509/618/422 510/617/422 518/625/422 517/626/422
f 510/617/423 511/619/423 519/627/423 518/625/423
f 511/619/424 512/620/424 520/628/424 519/627/424
f 512/620/425 513/621/425 521/629/425 520/628/425
f 513/621/426 514/622/426 522/630/426 521/629/426
f 514/622/427 515/623/427 523/631/427 522/630/427
f 515/623/428 516/624/428 524/632/428 523/631/428
f 517/626/429 518/625/429 526/633/429 525/634/429
f 518/625/430 519/627/430 527/635/430 526/633/430
f 519/627/431 520/628/431 528/636/431 527/635/431
f 520/628/432 521/629/432 529/637/432 528/636/432
f 521/629/433 522/630/433 530/638/433 529/637/433
f 522/630/434 523/631/434 531/639/434 530/638/434
f 523/631/435 524/632/435 532/640/435 531/639/435
f 525/634/436 526/633/436 534/641/436 533/642/436
f 526/633/437 527/635/437 535/643/437 534/641/437
f 527/635/438 528/636/438 536/644/438 535/643/438
f 528/636/439 529/637/439 537/645/439 536/644/439
f 529/637/440 530/638/440 538/646/440 537/645/440
f 530/638/441 531/639/441 539/647/441 538/646/441
f 531/639/442 532/640/442 540/648/442 539/647/442
f 533/642/443 534/641/443 542/649/443 541/650/443
f 534/641/444 535/643/444 543/651/444 542/649/444
f 535/643/445 536/644/445 544/652/445 543/651/445
f 536/644/446 537/645/446 545/653/446 544/652/446
f 537/645/447 538/646/447 546/654/447 545/653/447
f 538/646/448 539/647/448 547/655/448 546/654/448
f 539/647/449 540/648/449 548/656/449 547/655/449
f 541/650/450 542/649/450 452/657/450 444/658/450
f 542/649/451 543/651/451 460/659/451 452/657/451
f 543/651/452 544/652/452 468/660/452 460/659/452
f 544/652/453 545/653/453 476/661/453 468/660/453
f 545/653/454 546/654/454 484/662/454 476/661/454
f 546/654/455 547/655/455 492/663/455 484/662/455
f 547/655/456 548/656/456 493/664/456 492/663/456
f 437/665/457 549/666/457 557/667/457 556/668/457
f 549/666/458 550/669/458 558/670/458 557/667/458
f 550/669/459 551/671/459 559/672/459 558/670/459
f 551/671/460 552/673/460 560/674/460 559/672/460
f 552/673/461 553/675/461 561/676/461 560/674/461
f 553/675/462 554/677/462 562/678/462 561/676/462
f 554/677/463 555/679/463 563/680/463 562/678/463
f 556/668/464 557/667/464 565/681/464 564/682/464
f 557/667/465 558/670/465 566/683/465 565/681/465
f 558/670/466 559/672/466 567/684/466 566/683/466
f 559/672/467 560/674/467 568/685/467 567/684/467
f 560/674/468 561/676/468 569/686/468 568/685/468
f 561/676/469 562/678/469 570/687/469 569/686/469
f 562/678/470 563/680/470 571/688/470 570/687/470
f 564/682/471 565/681/471 573/689/471 572/690/471
f 565/681/472 566/683/472 574/691/472 573/689/472
f 566/683/473 567/684/473 575/692/473 574/691/473
f 567/684/474 568/685/474 576/693/474 575/692/474
f 568/685/475 569/686/475 577/694/475 576/693/475
f 569/686/476 570/687/476 578/695/476 577/694/476
f 570/687/477 571/688/477 579/696/477 578/695/477
f 572/690/478 573/689/478 581/697/478 580/698/478
f 573/689/479 574/691/479 582/699/479 581/697/479
f 574/691/480 575/692/480 583/700/480 582/699/480
f 575/692/481 576/693/481 584/701/481 583/700/481
f 576/693/482 577/694/482 585/702/482 584/701/482
f 577/694/483 578/695/483 586/703/483 585/702/483
f 578/695/484 579/696/484 587/704/484 586/703/484
f 580/698/485 581/697/485 589/705/485 588/706/485
f 581/697/486 582/699/486 590/707/486 589/705/486
f 582/699/487 583/700/487 591/708/487 590/707/487
f 583/700/488 584/701/488 592/709/488 591/708/488
f 584/701/489 585/702/489 593/710/489 592/709/489
f 585/702/490 586/703/490 594/711/490 593/710/490
f 586/703/491 587/704/491 595/712/491 594/711/491
f 588/706/492 589/705/492 597/713/492 596/714/492
f 589/705/493 590/707/493 598/715/493 597/713/493
f 590/707/494 591/708/494 599/716/494 598/715/494
f 591/708/495 592/709/495 600/717/495 599/716/495
f 592/709/496 593/710/496 601/718/496 600/717/496
f 593/710/497 594/711/497 602/719/497 601/718/497
f 594/711/498 595/712/498 603/720/498 602/719/498
f 596/714/499 597/713/499 508/616/499 500/615/499
f 597/713/500 598/715/500 516/624/500 508/616/500
f 598/715/501 599/716/501 524/632/501 516/624/501
f 599/716/502 600/717/502 532/640/502 524/632/502
f 600/717/503 601/718/503 540/648/503 532/640/503
f 601/718/504 602/719/504 548/656/504 540/648/504
f 602/719/505 603/720/505 493/664/505 548/656/505
f 604/721/506 607/722/506 615/723/506 614/724/506
f 607/722/507 608/725/507 616/726/507 615/723/507
f 608/725/508 609/727/508 617/728/508 616/726/508
f 609/727/509 610/729/509 618/730/509 617/728/509
f 610/729/510 611/731/510 619/732/510 618/730/510
f 611/731/511 612/733/511 620/734/511 619/732/511
f 612/733/512 613/735/512 621/736/512 620/734/512
f 614/724/513 615/723/513 623/737/513 622/738/513
f 615/723/514 616/726/514 624/739/514 623/737/514
f 616/726/515 617/728/515 625/740/515 624/739/515
f 617/728/516 618/730/516 626/741/516 625/740/516
f 618/730/517 619/732/517 627/742/517 626/741/517
f 619/732/518 620/734/518 628/743/518 627/742/518
f 620/734/519 621/736/519 629/744/519 628/743/519
f 622/738/520 623/737/520 631/745/520 630/746/520
f 623/737/521 624/739/521 632/747/521 631/745/521
f 624/739/522 625/740/522 633/748/522 632/747/522
f 625/740/523 626/741/523 634/749/523 633/748/523
f 626/741/524 627/742/524 635/750/524 634/749/524
f 627/742/525 628/743/525 636/751/525 635/750/525
f 628/743/526 629/744/526 637/752/526 636/751/526
f 630/746/527 631/745/527 639/753/527 638/754/527
f 631/745/528 632/747/528 640/755/528 639/753/528
f 632/747/529 633/748/529 641/756/529 640/755/529
f 633/748/530 634/749/530 642/757/530 641/756/530
f 634/749/531 635/750/531 643/758/531 642/757/531
f 635/750/532 636/751/532 644/759/532 643/758/532
f 636/751/533 637/752/533 645/760/533 644/759/533
f 638/754/534 639/753/534 647/761/534 646/762/534
f 639/753/535 640/755/535 648/763/535 647/761/535
f 640/755/536 641/756/536 649/764/536 648/763/536
f 641/756/537 642/757/537 650/765/537 649/764/537
f 642/757/538 643/758/538 651/766/538 650/765/538
f 643/758/539 644/759/539 652/767/539 651/766/539
f 644/759/540 645/760/540 653/768/540 652/767/540
f 646/762/541 647/761/541 655/769/541 654/770/541
f 647/761/542 648/763/542 656/771/542 655/769/542
f 648/763/543 649/764/543 657/772/543 656/771/543
f 649/764/544 650/765/544 658/773/544 657/772/544
f 650/765/545 651/766/545 659/774/545 658/773/545
f 651/766/546 652/767/546 660/775/546 659/774/546
f 652/767/547 653/768/547 661/776/547 660/775/547
f 654/770/548 655/769/548 732/777/548 724/778/548
f 655/769/549 656/771/549 740/779/549 732/777/549
f 656/771/550 657/772/550 748/780/550 740/779/550
f 657/772/551 658/773/551 756/781/551 748/780/551
f 658/773/552 659/774/552 764/782/552 756/781/552
f 659/774/553 660/775/553 772/783/553 764/782/553
f 660/775/554 661/776/554 662/784/554 772/783/554
f 605/785/555 663/786/555 671/787/555 670/788/555
f 663/786/556 664/789/556 672/790/556 671/787/556
f 664/789/557 665/791/557 673/792/557 672/790/557
f 665/791/558 666/793/558 674/794/558 673/792/558
f 666/793/559 667/795/559 675/796/559 674/794/559
f 667/795/560 668/797/560 676/798/560 675/796/560
f 668/797/561 669/799/561 677/800/561 676/798/561
f 670/788/562 671/787/562 679/801/562 678/802/562
f 671/787/563 672/790/563 680/803/563 679/801/563
f 672/790/564 673/792/564 681/804/564 680/803/564
f 673/792/565 674/794/565 682/805/565 681/804/565
f 674/794/566 675/796/566 683/806/566 682/805/566
f 675/796/567 676/798/567 684/807/567 683/806/567
f 676/798/568 677/800/568 685/808/568 684/807/568
f 678/802/569 679/801/569 687/809/569 686/810/569
f 679/801/570 680/803/570 688/811/570 687/809/570
f 680/803/571 681/804/571 689/812/571 688/811/571
f 681/804/572 682/805/572 690/813/572 689/812/572
f 682/805/573 683/806/573 691/814/573 690/813/573
f 683/806/574 684/807/574 692/815/574 691/814/574
f 684/807/575 685/808/575 693/816/575 692/815/575
f 686/810/576 687/809/576 695/817/576 694/818/576
f 687/809/577 688/811/577 696/819/577 695/817/577
f 688/811/578 689/812/578 697/820/578 696/819/578
f 689/812/579 690/813/579 698/821/579 697/820/579
f 690/813/580 691/814/580 699/822/580 698/821/580
f 691/814/581 692/815/581 700/823/581 699/822/581
f 692/815/582 693/816/582 701/824/582 700/823/582
f 694/818/583 695/817/583 703/825/583 702/826/583
f 695/817/584 696/819/584 704/827/584 703/825/584
f 696/819/585 697/820/585 705/828/585 704/827/585
f 697/820/586 698/821/586 706/829/586 705/828/586
f 698/821/587 699/822/587 707/830/587 706/829/587
f 699/822/588 700/823/588 708/831/588 707/830/588
f 700/823/589 701/824/589 709/832/589 708/831/589
f 702/826/590 703/825/590 711/833/590 710/834/590
f 703/825/591 704/827/591 712/835/591 711/833/591
f 704/827/592 705/828/592 713/836/592 712/835/592
f 705/828/593 706/829/593 714/837/593 713/836/593
f 706/829/594 707/830/594 715/838/594 714/837/594
f 707/830/595 708/831/595 716/839/595 715/838/595
f 708/831/596 709/832/596 717/840/596 716/839/596
f 710/834/597 711/833/597 621/841/597 613/842/597
f 711/833/598 712/835/598 629/843/598 621/841/598
f 712/835/599 713/836/599 637/844/599 629/843/599
f 713/836/600 714/837/600 645/845/600 637/844/600
f 714/837/601 715/838/601 653/846/601 645/845/601
f 715/838/602 716/839/602 661/847/602 653/846/602
f 716/839/603 717/840/603 662/848/603 661/847/603
f 606/849/604 718/850/604 726/851/604 725/852/604
f 718/850/605 719/853/605 727/854/605 726/851/605
f 719/853/606 720/855/606 728/856/606 727/854/606
f 720/855/607 721/857/607 729/858/607 728/856/607
f 721/857/608 722/859/608 730/860/608 729/858/608
f 722/859/609 723/861/609 731/862/609 730/860/609
f 723/861/610 724/863/610 732/864/610 731/862/610
f 725/852/611 726/851/611 734/865/611 733/866/611
f 726/851/612 727/854/612 735/867/612 734/865/612
f 727/854/613 728/856/613 736/868/613 735/867/613
f 728/856/614 729/858/614 737/869/614 736/868/614
f 729/858/615 730/860/615 738/870/615 737/869/615
f 730/860/616 731/862/616 739/871/616 738/870/616
f 731/862/617 732/864/617 740/872/617 739/871/617
f 733/866/618 734/865/618 742/873/618 741/874/618
f 734/865/619 735/867/619 743/875/619 742/873/619
f 735/867/620 736/868/620 744/876/620 743/875/620
f 736/868/621 737/869/621 745/877/621 744/876/621
f 737/869/622 738/870/622 746/878/622 745/877/622
f 738/870/623 739/871/623 747/879/623 746/878/623
f 739/871/624 740/872/624 748/880/624 747/879/624
f 741/874/625 742/873/625 750/881/625 749/882/625
f 742/873/626 743/875/626 751/883/626 750/881/626
f 743/875/627 744/876/627 752/884/627 751/883/627
f 744/876/628 745/877/628 753/885/628 752/884/628
f 745/877/629 746/878/629 754/886/629 753/885/629
f 746/878/630 747/879/630 755/887/630 754/886/630
f 747/879/631 748/880/631 756/888/631 755/887/631
f 749/882/632 750/881/632 758/889/632 757/890/632
f 750/881/633 751/883/633 759/891/633 758/889/633
f 751/883/634 752/884/634 760/892/634 759/891/634
f 752/884/635 753/885/635 761/893/635 760/892/635
f 753/885/636 754/886/636 762/894/636 761/893/636
f 754/886/637 755/887/637 763/895/637 762/894/637
f 755/887/638 756/888/638 764/896/638 763/895/638
f 757/890/639 758/889/639 766/897/639 765/898/639
f 758/889/640 759/891/640 767/899/640 766/897/640
f 759/891/641 760/892/641 768/900/641 767/899/641
f 760/892/642 761/893/642 769/901/642 768/900/642
f 761/893/643 762/894/643 770/902/643 769/901/643
f 762/894/644 763/895/644 771/903/644 770/902/644
f 763/895/645 764/896/645 772/904/645 771/903/645
f 765/898/646 766/897/646 677/800/646 669/799/646
f 766/897/647 767/899/647 685/808/647 677/800/647
f 767/899/648 768/900/648 693/816/648 685/808/648
f 768/900/649 769/901/649 701/824/649 693/816/649
f 769/901/650 770/902/650 709/832/650 701/824/650
f 770/902/651 771/903/651 717/840/651 709/832/651
f 771/903/652 772/904/652 662/848/652 717/840/652
f 773/905/653 776/906/653 784/907/653 783/908/653
f 776/906/654 777/909/654 785/910/654 784/907/654
f 777/909/655 778/911/655 786/912/655 785/910/655
f 778/911/656 779/913/656 787/914/656 786/912/656
f 779/913/657 780/915/657 788/916/657 787/914/657
f 780/915/658 781/917/658 789/918/658 788/916/658
f 781/917/659 782/919/659 790/920/659 789/918/659
f 783/908/660 784/907/660 792/921/660 791/922/660
f 784/907/661 785/910/661 793/923/661 792/921/661
f 785/910/662 786/912/662 794/924/662 793/923/662
f 786/912/663 787/914/663 795/925/663 794/924/663
f 787/914/664 788/916/664 796/926/664 795/925/664
f 788/916/665 789/918/665 797/927/665 796/926/665
f 789/918/666 790/920/666 798/928/666 797/927/666
f 791/922/667 792/921/667 800/929/667 799/930/667
f 792/921/668 793/923/668 801/931/668 800/929/668
f 793/923/669 794/924/669 802/932/669 801/931/669
f 794/924/670 795/925/670 803/933/670 802/932/670
f 795/925/671 796/926/671 804/934/671 803/933/671
f 796/926/672 797/927/672 805/935/672 804/934/672
f 797/927/673 798/928/673 806/936/673 805/935/673
f 799/930/674 800/929/674 808/937/674 807/938/674
f 800/929/675 801/931/675 809/939/675 808/937/675
f 801/931/676 802/932/676 810/940/676 809/939/676
f 802/932/677 803/933/677 811/941/677 810/940/677
f 803/933/678 804/934/678 812/942/678 811/941/678
f 804/934/679 805/935/679 813/943/679 812/942/679
f 805/935/680 806/936/680 814/944/680 813/943/680
f 807/938/681 808/937/681 816/945/681 815/946/681
f 808/937/682 809/939/682 817/947/682 816/945/682
f 809/939/683 810/940/683 818/948/683 817/947/683
f 810/940/684 811/941/684 819/949/684 818/948/684
f 811/941/685 812/942/685 820/950/685 819/949/685
f 812/942/686 813/943/686 821/951/686 820/950/686
f 813/943/687 814/944/687 822/952/687 821/951/687
f 815/946/688 816/945/688 824/953/688 823/954/688
f 816/945/689 817/947/689 825/955/689 824/953/689
f 817/947/690 818/948/690 826/956/690 825/955/690
f 818/948/691 819/949/691 827/957/691 826/956/691
f 819/949/692 820/950/692 828/958/692 827/957/692
f 820/950/693 821/951/693 829/959/693 828/958/693
f 821/951/694 822/952/694 830/960/694 829/959/694
f 823/954/695 824/953/695 901/961/695 893/962/695
f 824/953/696 825/955/696 909/963/696 901/961/696
f 825/955/697 826/956/697 917/964/697 909/963/697
f 826/956/698 827/957/698 925/965/698 917/964/698
f 827/957/699 828/958/699 933/966/699 925/965/699
f 828/958/700 829/959/700 941/967/700 933/966/700
f 829/959/701 830/960/701 831/968/701 941/967/701
f 774/969/702 832/970/702 840/971/702 839/972/702
f 832/970/703 833/973/703 841/974/703 840/971/703
f 833/973/704 834/975/704 842/976/704 841/974/704
f 834/975/705 835/977/705 843/978/705 842/976/705
f 835/977/706 836/979/706 844/980/706 843/978/706
f 836/979/707 837/981/707 845/982/707 844/980/707
f 837/981/708 838/983/708 846/984/708 845/982/708
f 839/972/709 840/971/709 848/985/709 847/986/709
f 840/971/710 841/974/710 849/987/710 848/985/710
f 841/974/711 842/976/711 850/988/711 849/987/711
f 842/976/712 843/978/712 851/989/712 850/988/712
f 843/978/713 844/980/713 852/990/713 851/989/713
f 844/980/714 845/982/714 853/991/714 852/990/714
f 845/982/715 846/984/715 854/992/715 853/991/715
f 847/986/716 848/985/716 856/993/716 855/994/716
f 848/985/717 849/987/717 857/995/717 856/993/717
f 849/987/718 850/988/718 858/996/718 857/995/718
f 850/988/719 851/989/719 859/997/719 858/996/719
f 851/989/720 852/990/720 860/998/720 859/997/720
f 852/990/721 853/991/721 861/999/721 860/998/721
f 853/991/722 854/992/722 862/1000/722 861/999/722
f 855/994/723 856/993/723 864/1001/723 863/1002/723
f 856/993/724 857/995/724 865/1003/724 864/1001/724
f 857/995/725 858/996/725 866/1004/725 865/1003/725
f 858/996/726 859/997/726 867/1005/726 866/1004/726
f 859/997/727 860/998/727 868/1006/727 867/1005/727
f 860/998/728 861/999/728 869/1007/728 868/1006/728
f 861/999/729 862/1000/729 870/1008/729 869/1007/729
f 863/1002/730 864/1001/730 872/1009/730 871/1010/730
f 864/1001/731 865/1003/731 873/1011/731 872/1009/731
f 865/1003/732 866/1004/732 874/1012/732 873/1011/732
f 866/1004/733 867/1005/733 875/1013/733 874/1012/733
f 867/1005/734 868/1006/734 876/1014/734 875/1013/734
f 868/1006/735 869/1007/735 877/1015/735 876/1014/735
f 869/1007/736 870/1008/736 878/1016/736 877/1015/736
f 871/1010/737 872/1009/737 880/1017/737 879/1018/737
f 872/1009/738 873/1011/738 881/1019/738 880/1017/738
f 873/1011/739 874/1012/739 882/1020/739 881/1019/739
f 874/1012/740 875/1013/740 883/1021/740 882/1020/740
f 875/1013/741 876/1014/741 884/1022/741 883/1021/741
f 876/1014/742 877/1015/742 885/1023/742 884/1022/742
f 877/1015/743 878/1016/743 886/1024/743 885/1023/743
f 879/1018/744 880/1017/744 790/920/744 782/919/744
f 880/1017/745 881/1019/745 798/928/745 790/920/745
f 881/1019/746 882/1020/746 806/936/746 798/928/746
f 882/1020/747 883/1021/747 814/944/747 806/936/747
f 883/1021/748 884/1022/748 822/952/748 814/944/748
f 884/1022/749 885/1023/749 830/960/749 822/952/749
f 885/1023/750 886/1024/750 831/968/750 830/960/750
f 775/1025/751 887/1026/751 895/1027/751 894/1028/751
f 887/1026/752 888/1029/752 896/1030/752 895/1027/752
f 888/1029/753 889/1031/753 897/1032/753 896/1030/753
f 889/1031/754 890/1033/754 898/1034/754 897/1032/754
f 890/1033/755 891/1035/755 899/1036/755 898/1034/755
f 891/1035/756 892/1037/756 900/1038/756 899/1036/756
f 892/1037/757 893/962/757 901/961/757 900/1038/757
f 894/1028/758 895/1027/758 903/1039/758 902/1040/758
f 895/1027/759 896/1030/759 904/1041/759 903/1039/759
f 896/1030/760 897/1032/760 905/1042/760 904/1041/760
f 897/1032/761 898/1034/761 906/1043/761 905/1042/761
f 898/1034/762 899/1036/762 907/1044/762 906/1043/762
f 899/1036/763 900/1038/763 908/1045/763 907/1044/763
f 900/1038/764 901/961/764 909/963/764 908/1045/764
f 902/1040/765 903/1039/765 911/1046/765 910/1047/765
f 903/1039/766 904/1041/766 912/1048/766 911/1046/766
f 904/1041/767 905/1042/767 913/1049/767 912/1048/767
f 905/1042/768 906/1043/768 914/1050/768 913/1049/768
f 906/1043/769 907/1044/769 915/1051/769 914/1050/769
f 907/1044/770 908/1045/770 916/1052/770 915/1051/770
f 908/1045/771 909/963/771 917/964/771 916/1052/771
f 910/1047/772 911/1046/772 919/1053/772 918/1054/772
f 911/1046/773 912/1048/773 920/1055/773 919/1053/773
f 912/1048/774 913/1049/774 921/1056/774 920/1055/774
f 913/1049/775 914/1050/775 922/1057/775 921/1056/775
f 914/1050/776 915/1051/776 923/1058/776 922/1057/776
f 915/1051/777 916/1052/777 924/1059/777 923/1058/777
f 916/1052/778 917/964/778 925/965/778 924/1059/778
f 918/1054/779 919/1053/779 927/1060/779 926/1061/779
f 919/1053/780 920/1055/780 928/1062/780 927/1060/780
f 920/1055/781 921/1056/781 929/1063/781 928/1062/781
f 921/1056/782 922/1057/782 930/1064/782 929/1063/782
f 922/1057/783 923/1058/783 931/1065/783 930/1064/783
f 923/1058/784 924/1059/784 932/1066/784 931/1065/784
f 924/1059/785 925/965/785 933/966/785 932/1066/785
f 926/1061/786 927/1060/786 935/1067/786 934/1068/786
f 927/1060/787 928/1062/787 936/1069/787 935/1067/787
f 928/1062/788 929/1063/788 937/1070/788 936/1069/788
f 929/1063/789 930/1064/789 938/1071/789 937/1070/789
f 930/1064/790 931/1065/790 939/1072/790 938/1071/790
f 931/1065/791 932/1066/791 940/1073/791 939/1072/791
f 932/1066/792 933/966/792 941/967/792 940/1073/792
f 934/1068/793 935/1067/793 846/984/793 838/983/793
f 935/1067/794 936/1069/794 854/992/794 846/984/794
f 936/1069/795 937/1070/795 862/1000/795 854/992/795
f 937/1070/796 938/1071/796 870/1008/796 862/1000/796
f 938/1071/797 939/1072/797 878/1016/797 870/1008/797
f 939/1072/798 940/1073/798 886/1024/798 878/1016/798
f 940/1073/799 941/967/799 831/968/799 886/1024/799
f 942/1074/800 945/1075/800 953/1076/800 952/1077/800
f 945/1075/801 946/1078/801 954/1079/801 953/1076/801
f 946/1078/802 947/1080/802 955/1081/802 954/1079/802
f 947/1080/803 948/1082/803 956/1083/803 955/1081/803
f 948/1082/804 949/1084/804 957/1085/804 956/1083/804
f 949/1084/805 950/1086/805 958/1087/805 957/1085/805
f 950/1086/806 951/1088/806 959/1089/806 958/1087/806
f 952/1077/807 953/1076/807 961/1090/807 960/1091/807
f 953/1076/808 954/1079/808 962/1092/808 961/1090/808
f 954/1079/809 955/1081/809 963/1093/809 962/1092/809
f 955/1081/810 956/1083/810 964/1094/810 963/1093/810
f 956/1083/811 957/1085/811 965/1095/811 964/1094/811
f 957/1085/812 958/1087/812 966/1096/812 965/1095/812
f 958/1087/813 959/1089/813 967/1097/813 966/1096/813
f 960/1091/814 961/1090/814 969/1098/814 968/1099/814
f 961/1090/815 962/1092/815 970/1100/815 969/1098/815
f 962/1092/816 963/1093/816 971/1101/816 970/1100/816
f 963/1093/817 964/1094/817 972/1102/817 971/1101/817
f 964/1094/818 965/1095/818 973/1103/818 972/1102/818
f 965/1095/819 966/1096/819 974/1104/819 973/1103/819
f 966/1096/820 967/1097/820 975/1105/820 974/1104/820
f 968/1099/821 969/1098/821 977/1106/821 976/1107/821
f 969/1098/822 970/1100/822 978/1108/822 977/1106/822
f 970/1100/823 971/1101/823 979/1109/823 978/1108/823
f 971/1101/824 972/1102/824 980/1110/824 979/1109/824
f 972/1102/825 973/1103/825 981/1111/825 980/1110/825
f 973/1103/826 974/1104/826 982/1112/826 981/1111/826
f 974/1104/827 975/1105/827 983/1113/827 982/1112/827
f 976/1107/828 977/1106/828 985/1114/828 984/1115/828
f 977/1106/829 978/1108/829 986/1116/829 985/1114/829
f 978/1108/830 979/1109/830 987/1117/830 986/1116/830
f 979/1109/831 980/1110/831 988/1118/831 987/1117/831
f 980/1110/832 981/1111/832 989/1119/832 988/1118/832
f 981/1111/833 982/1112/833 990/1120/833 989/1119/833
f 982/1112/834 983/1113/834 991/1121/834 990/1120/834
f 984/1115/835 985/1114/835 993/1122/835 992/1123/835
f 985/1114/836 986/1116/836 994/1124/836 993/1122/836
f 986/1116/837 987/1117/837 995/1125/837 994/1124/837
f 987/1117/838 988/1118/838 996/1126/838 995/1125/838
f 988/1118/839 989/1119/839 997/1127/839 996/1126/839
f 989/1119/840 990/1120/840 998/1128/840 997/1127/840
f 990/1120/841 991/1121/841 999/1129/841 998/1128/841
f 992/1123/842 993/1122/842 1070/1130/842 1062/1131/842
f 993/1122/843 994/1124/843 1078/1132/843 1070/1130/843
f 994/1124/844 995/1125/844 1086/1133/844 1078/1132/844
f 995/1125/845 996/1126/845 1094/1134/845 1086/1133/845
f 996/1126/846 997/1127/846 1102/1135/846 1094/1134/846
f 997/1127/847 998/1128/847 1110/1136/847 1102/1135/847
f 998/1128/848 999/1129/848 1000/1137/848 1110/1136/848
f 943/1138/849 1001/1139/849 1009/1140/849 1008/1141/849
f 1001/1139/850 1002/1142/850 1010/1143/850 1009/1140/850
f 1002/1142/851 1003/1144/851 1011/1145/851 1010/1143/851
f 1003/1144/852 1004/1146/852 1012/1147/852 1011/1145/852
f 1004/1146/853 1005/1148/853 1013/1149/853 1012/1147/853
f 1005/1148/854 1006/1150/854 1014/1151/854 1013/1149/854
f 1006/1150/855 1007/1152/855 1015/1153/855 1014/1151/855
f 1008/1141/856 1009/1140/856 1017/1154/856 1016/1155/856
f 1009/1140/857 1010/1143/857 1018/1156/857 1017/1154/857
f 1010/1143/858 1011/1145/858 1019/1157/858 1018/1156/858
f 1011/1145/859 1012/1147/859 1020/1158/859 1019/1157/859
f 1012/1147/860 1013/1149/860 1021/1159/860 1020/1158/860
f 1013/1149/861 1014/1151/861 1022/1160/861 1021/1159/861
f 1014/1151/862 1015/1153/862 1023/1161/862 1022/1160/862
f 1016/1155/863 1017/1154/863 1025/1162/863 1024/1163/863
f 1017/1154/864 1018/1156/864 1026/1164/864 1025/1162/864
f 1018/1156/865 1019/1157/865 1027/1165/865 1026/1164/865
f 1019/1157/866 1020/1158/866 1028/1166/866 1027/1165/866
f 1020/1158/867 1021/1159/867 1029/1167/867 1028/1166/867
f 1021/1159/868 1022/1160/868 1030/1168/868 1029/1167/868
f 1022/1160/869 1023/1161/869 1031/1169/869 1030/1168/869
f 1024/1163/870 1025/1162/870 1033/1170/870 1032/1171/870
f 1025/1162/871 1026/1164/871 1034/1172/871 1033/1170/871
f 1026/1164/872 1027/1165/872 1035/1173/872 1034/1172/872
f 1027/1165/873 1028/1166/873 1036/1174/873 1035/1173/873
f 1028/1166/874 1029/1167/874 1037/1175/874 1036/1174/874
f 1029/1167/875 1030/1168/875 1038/1176/875 1037/1175/875
f 1030/1168/876 1031/1169/876 1039/1177/876 1038/1176/876
f 1032/1171/877 1033/1170/877 1041/1178/877 1040/1179/877
f 1033/1170/878 1034/1172/878 1042/1180/878 1041/1178/878
f 1034/1172/879 1035/1173/879 1043/1181/879 1042/1180/879
f 1035/1173/880 1036/1174/880 1044/1182/880 1043/1181/880
f 1036/1174/881 1037/1175/881 1045/1183/881 1044/1182/881
f 1037/1175/882 1038/1176/882 1046/1184/882 1045/1183/882
f 1038/1176/883 1039/1177/883 1047/1185/883 1046/1184/883
f 1040/1179/884 1041/1178/884 1049/1186/884 1048/1187/884
f 1041/1178/885 1042/1180/885 1050/1188/885 1049/1186/885
f 1042/1180/886 1043/1181/886 1051/1189/886 1050/1188/886
f 1043/1181/887 1044/1182/887 1052/1190/887 1051/1189/887
f 1044/1182/888 1045/1183/888 1053/1191/888 1052/1190/888
f 1045/1183/889 1046/1184/889 1054/1192/889 1053/1191/889
f 1046/1184/890 1047/1185/890 1055/1193/890 1054/1192/890
f 1048/1187/891 1049/1186/891 959/1089/891 951/1088/891
f 1049/1186/892 1050/1188/892 967/1097/892 959/1089/892
f 1050/1188/893 1051/1189/893 975/1105/893 967/1097/893
f 1051/1189/894 1052/1190/894 983/1113/894 975/1105/894
f 1052/1190/895 1053/1191/895 991/1121/895 983/1113/895
f 1053/1191/896 1054/1192/896 999/1129/896 991/1121/896
f 1054/1192/897 1055/1193/897 1000/1137/897 999/1129/897
f 944/1194/898 1056/1195/898 1064/1196/898 1063/1197/898
f 1056/1195/899 1057/1198/899 1065/1199/899 1064/1196/899
f 1057/1198/900 1058/1200/900 1066/1201/900 1065/1199/900
f 1058/1200/901 1059/1202/901 1067/1203/901 1066/1201/901
f 1059/1202/902 1060/1204/902 1068/1205/902 1067/1203/902
f 1060/1204/903 1061/1206/903 1069/1207/903 1068/1205/903
f 1061/1206/904 1062/1131/904 1070/1130/904 1069/1207/904
f 1063/1197/905 1064/1196/905 1072/1208/905 1071/1209/905
f 1064/1196/906 1065/1199/906 1073/1210/906 1072/1208/906
f 1065/1199/907 1066/1201/907 1074/1211/907 1073/1210/907
f 1066/1201/908 1067/1203/908 1075/1212/908 1074/1211/908
f 1067/1203/909 1068/1205/909 1076/1213/909 1075/1212/909
f 1068/1205/910 1069/1207/910 1077/1214/910 1076/1213/910
f 1069/1207/911 1070/1130/911 1078/1132/911 1077/1214/911
f 1071/1209/912 1072/1208/912 1080/1215/912 1079/1216/912
f 1072/1208/913 1073/1210/913 1081/1217/913 1080/1215/913
f 1073/1210/914 1074/1211/914 1082/1218/914 1081/1217/914
f 1074/1211/915 1075/1212/915 1083/1219/915 1082/1218/915
f 1075/1212/916 1076/1213/916 1084/1220/916 1083/1219/916
f 1076/1213/917 1077/1214/917 1085/1221/917 1084/1220/917
f 1077/1214/918 1078/1132/918 1086/1133/918 1085/1221/918
f 1079/1216/919 1080/1215/919 1088/1222/919 1087/1223/919
f 1080/1215/920 1081/1217/920 1089/1224/920 1088/1222/920
f 1081/1217/921 1082/1218/921 1090/1225/921 1089/1224/921
f 1082/1218/922 1083/1219/922 1091/1226/922 1090/1225/922
f 1083/1219/923 1084/1220/923 1092/1227/923 1091/1226/923
f 1084/1220/924 1085/1221/924 1093/1228/924 1092/1227/924
f 1085/1221/925 1086/1133/925 1094/1134/925 1093/1228/925
f 1087/1223/926 1088/1222/926 1096/1229/926 1095/1230/926
f 1088/1222/927 1089/1224/927 1097/1231/927 1096/1229/927
f 1089/1224/928 1090/1225/928 1098/1232/928 1097/1231/928
f 1090/1225/929 1091/1226/929 1099/1233/929 1098/1232/929
f 1091/1226/930 1092/1227/930 1100/1234/930 1099/1233/930
f 1092/1227/931 1093/1228/931 1101/1235/931 1100/1234/931
f 1093/1228/932 1094/1134/932 1102/1135/932 1101/1235/932
f 1095/1230/933 1096/1229/933 1104/1236/933 1103/1237/933
f 1096/1229/934 1097/1231/934 1105/1238/934 1104/1236/934
f 1097/1231/935 1098/1232/935 1106/1239/935 1105/1238/935
f 1098/1232/936 1099/1233/936 1107/1240/936 1106/1239/936
f 1099/1233/937 1100/1234/937 1108/1241/937 1107/1240/937
f 1100/1234/938 1101/1235/938 1109/1242/938 1108/1241/938
f 1101/1235/939 1102/1135/939 1110/1136/939 1109/1242/939
f 1103/1237/940 1104/1236/940 1015/1153/940 1007/1152/940
f 1104/1236/941 1105/1238/941 1023/1161/941 1015/1153/941
f 1105/1238/942 1106/1239/942 1031/1169/942 1023/1161/942
f 1106/1239/943 1107/1240/943 1039/1177/943 1031/1169/943
f 1107/1240/944 1108/1241/944 1047/1185/944 1039/1177/944
f 1108/1241/945 1109/1242/945 1055/1193/945 1047/1185/945
f 1109/1242/946 1110/1136/946 1000/1137/946 1055/1193/946
f 1111/1243/947 1114/1244/947 1122/1245/947 1121/1246/947
f 1114/1244/948 1115/1247/948 1123/1248/948 1122/1245/948
f 1115/1247/949 1116/1249/949 1124/1250/949 1123/1248/949
f 1116/1249/950 1117/1251/950 1125/1252/950 1124/1250/950
f 1117/1251/951 1118/1253/951 1126/1254/951 1125/1252/951
f 1118/1253/952 1119/1255/952 1127/1256/952 1126/1254/952
f 1119/1255/953 1120/1257/953 1128/1258/953 1127/1256/953
f 1121/1246/954 1122/1245/954 1130/1259/954 1129/1260/954
f 1122/1245/955 1123/1248/955 1131/1261/955 1130/1259/955
f 1123/1248/956 1124/1250/956 1132/1262/956 1131/1261/956
f 1124/1250/957 1125/1252/957 1133/1263/957 1132/1262/957
f 1125/1252/958 1126/1254/958 1134/1264/958 1133/1263/958
f 1126/1254/959 1127/1256/959 1135/1265/959 1134/1264/959
f 1127/1256/960 1128/1258/960 1136/1266/960 1135/1265/960
f 1129/1260/961 1130/1259/961 1138/1267/961 1137/1268/961
f 1130/1259/962 1131/1261/962 1139/1269/962 1138/1267/962
f 1131/1261/963 1132/1262/963 1140/1270/963 1139/1269/963
f 1132/1262/964 1133/1263/964 1141/1271/964 1140/1270/964
f 1133/1263/965 1134/1264/965 1142/1272/965 1141/1271/965
f 1134/1264/966 1135/1265/966 1143/1273/966 1142/1272/966
f 1135/1265/967 1136/1266/967 1144/1274/967 1143/1273/967
f 1137/1268/968 1138/1267/968 1146/1275/968 1145/1276/968
f 1138/1267/969 1139/1269/969 1147/1277/969 1146/1275/969
f 1139/1269/970 1140/1270/970 1148/1278/970 1147/1277/970
f 1140/1270/971 1141/1271/971 1149/1279/971 1148/1278/971
f 1141/1271/972 1142/1272/972 1150/1280/972 1149/1279/972
f 1142/1272/973 1143/1273/973 1151/1281/973 1150/1280/973
f 1143/1273/974 1144/1274/974 1152/1282/974 1151/1281/974
f 1145/1276/975 1146/1275/975 1154/1283/975 1153/1284/975
f 1146/1275/976 1147/1277/976 1155/1285/976 1154/1283/976
f 1147/1277/977 1148/1278/977 1156/1286/977 1155/1285/977
f 1148/1278/978 1149/1279/978 1157/1287/978 1156/1286/978
f 1149/1279/979 1150/1280/979 1158/1288/979 1157/1287/979
f 1150/1280/980 1151/1281/980 1159/1289/980 1158/1288/980
f 1151/1281/981 1152/1282/981 1160/1290/981 1159/1289/981
f 1153/1284/982 1154/1283/982 1162/1291/982 1161/1292/982
f 1154/1283/983 1155/1285/983 1163/1293/983 1162/1291/983
f 1155/1285/984 1156/1286/984 1164/1294/984 1163/1293/984
f 1156/1286/985 1157/1287/985 1165/1295/985 1164/1294/985
f 1157/1287/986 1158/1288/986 1166/1296/986 1165/1295/986
f 1158/1288/987 1159/1289/987 1167/1297/987 1166/1296/987
f 1159/1289/988 1160/1290/988 1168/1298/988 1167/1297/988
f 1161/1292/989 1162/1291/989 1239/1299/989 1231/1300/989
f 1162/1291/990 1163/1293/990 1247/1301/990 1239/1299/990
f 1163/1293/991 1164/1294/991 1255/1302/991 1247/1301/991
f 1164/1294/992 1165/1295/992 1263/1303/992 1255/1302/992
f 1165/1295/993 1166/1296/993 1271/1304/993 1263/1303/993
f 1166/1296/994 1167/1297/994 1279/1305/994 1271/1304/994
f 1167/1297/995 1168/1298/995 1169/1306/995 1279/1305/995
f 1112/1307/996 1170/1308/996 1178/1309/996 1177/1310/996
f 1170/1308/997 1171/1311/997 1179/1312/997 1178/1309/997
f 1171/1311/998 1172/1313/998 1180/1314/998 1179/1312/998
f 1172/1313/999 1173/1315/999 1181/1316/999 1180/1314/999
f 1173/1315/1000 1174/1317/1000 1182/1318/1000 1181/1316/1000
f 1174/1317/1001 1175/1319/1001 1183/1320/1001 1182/1318/1001
f 1175/1319/1002 1176/1321/1002 1184/1322/1002 1183/1320/1002
f 1177/1310/1003 1178/1309/1003 1186/1323/1003 1185/1324/1003
f 1178/1309/1004 1179/1312/1004 1187/1325/1004 1186/1323/1004
f 1179/1312/1005 1180/1314/1005 1188/1326/1005 1187/1325/1005
f 1180/1314/1006 1181/1316/1006 1189/1327/1006 1188/1326/1006
f 1181/1316/1007 1182/1318/1007 1190/1328/1007 1189/1327/1007
f 1182/1318/1008 1183/1320/1008 1191/1329/1008 1190/1328/1008
f 1183/1320/1009 1184/1322/1009 1192/1330/1009 1191/1329/1009
f 1185/1324/1010 1186/1323/1010 1194/1331/1010 1193/1332/1010
f 1186/1323/1011 1187/1325/1011 1195/1333/1011 1194/1331/1011
f 1187/1325/1012 1188/1326/1012 1196/1334/1012 1195/1333/1012
f 1188/1326/1013 1189/1327/1013 1197/1335/1013 1196/1334/1013
f 1189/1327/1014 1190/1328/1014 1198/1336/1014 1197/1335/1014
f 1190/1328/1015 1191/1329/1015 1199/1337/1015 1198/1336/1015
f 1191/1329/1016 1192/1330/1016 1200/1338/1016 1199/1337/1016
f 1193/1332/1017 1194/1331/1017 1202/1339/1017 1201/1340/1017
f 1194/1331/1018 1195/1333/1018 1203/1341/1018 1202/1339/1018
f 1195/1333/1019 1196/1334/1019 1204/1342/1019 1203/1341/1019
f 1196/1334/1020 1197/1335/1020 1205/1343/1020 1204/1342/1020
f 1197/1335/1021 1198/1336/1021 1206/1344/1021 1205/1343/1021
f 1198/1336/1022 1199/1337/1022 1207/1345/1022 1206/1344/1022
f 1199/1337/1023 1200/1338/1023 1208/1346/1023 1207/1345/1023
f 1201/1340/1024 1202/1339/1024 1210/1347/1024 1209/1348/1024
f 1202/1339/1025 1203/1341/1025 1211/1349/1025 1210/1347/1025
f 1203/1341/1026 1204/1342/1026 1212/1350/1026 1211/1349/1026
f 1204/1342/1027 1205/1343/1027 1213/1351/1027 1212/1350/1027
f 1205/1343/1028 1206/1344/1028 1214/1352/1028 1213/1351/1028
f 1206/1344/1029 1207/1345/1029 1215/1353/1029 1214/1352/1029
f 1207/1345/1030 1208/1346/1030 1216/1354/1030 1215/1353/1030
f 1209/1348/1031 1210/1347/1031 1218/1355/1031 1217/1356/1031
f 1210/1347/1032 1211/1349/1032 1219/1357/1032 1218/1355/1032
f 1211/1349/1033 1212/1350/1033 1220/1358/1033 1219/1357/1033
f 1212/1350/1034 1213/1351/1034 1221/1359/1034 1220/1358/1034
f 1213/1351/1035 1214/1352/1035 1222/1360/1035 1221/1359/1035
f 1214/1352/1036 1215/1353/1036 1223/1361/1036 1222/1360/1036
f 1215/1353/1037 1216/1354/1037 1224/1362/1037 1223/1361/1037
f 1217/1356/1038 1218/1355/1038 1128/1258/1038 1120/1257/1038
f 1218/1355/1039 1219/1357/1039 1136/1266/1039 1128/1258/1039
f 1219/1357/1040 1220/1358/1040 1144/1274/1040 1136/1266/1040
f 1220/1358/1041 1221/1359/1041 1152/1282/1041 1144/1274/1041
f 1221/1359/1042 1222/1360/1042 1160/1290/1042 1152/1282/1042
f 1222/1360/1043 1223/1361/1043 1168/1298/1043 1160/1290/1043
f 1223/1361/1044 1224/1362/1044 1169/1306/1044 1168/1298/1044
f 1113/1363/1045 1225/1364/1045 1233/1365/1045 1232/1366/1045
f 1225/1364/1046 1226/1367/1046 1234/1368/1046 1233/1365/1046
f 1226/1367/1047 1227/1369/1047 1235/1370/1047 1234/1368/1047
f 1227/1369/1048 1228/1371/1048 1236/1372/1048 1235/1370/1048
f 1228/1371/1049 1229/1373/1049 1237/1374/1049 1236/1372/1049
f 1229/1373/1050 1230/1375/1050 1238/1376/1050 1237/1374/1050
f 1230/1375/1051 1231/1300/1051 1239/1299/1051 1238/1376/1051
f 1232/1366/1052 1233/1365/1052 1241/1377/1052 1240/1378/1052
f 1233/1365/1053 1234/1368/1053 1242/1379/1053 1241/1377/1053
f 1234/1368/1054 1235/1370/1054 1243/1380/1054 1242/1379/1054
f 1235/1370/1055 1236/1372/1055 1244/1381/1055 1243/1380/1055
f 1236/1372/1056 1237/1374/1056 1245/1382/1056 1244/1381/1056
f 1237/1374/1057 1238/1376/1057 1246/1383/1057 1245/1382/1057
f 1238/1376/1058 1239/1299/1058 1247/1301/1058 1246/1383/1058
f 1240/1378/1059 1241/1377/1059 1249/1384/1059 1248/1385/1059
f 1241/1377/1060 1242/1379/1060 1250/1386/1060 1249/1384/1060
f 1242/1379/1061 1243/1380/1061 1251/1387/1061 1250/1386/1061
f 1243/1380/1062 1244/1381/1062 1252/1388/1062 1251/1387/1062
f 1244/1381/1063 1245/1382/1063 1253/1389/1063 1252/1388/1063
f 1245/1382/1064 1246/1383/1064 1254/1390/1064 1253/1389/1064
f 1246/1383/1065 1247/1301/1065 1255/1302/1065 1254/1390/1065
f 1248/1385/1066 1249/1384/1066 1257/1391/1066 1256/1392/1066
f 1249/1384/1067 1250/1386/1067 1258/1393/1067 1257/1391/1067
f 1250/1386/1068 1251/1387/1068 1259/1394/1068 1258/1393/1068
f 1251/1387/1069 1252/1388/1069 1260/1395/1069 1259/1394/1069
f 1252/1388/1070 1253/1389/1070 1261/1396/1070 1260/1395/1070
f 1253/1389/1071 1254/1390/1071 1262/1397/1071 1261/1396/1071
f 1254/1390/1072 1255/1302/1072 1263/1303/1072 1262/1397/1072
f 1256/1392/1073 1257/1391/1073 1265/1398/1073 1264/1399/1073
f 1257/1391/1074 1258/1393/1074 1266/1400/1074 1265/1398/1074
f 1258/1393/1075 1259/1394/1075 1267/1401/1075 1266/1400/1075
f 1259/1394/1076 1260/1395/1076 1268/1402/1076 1267/1401/1076
f 1260/1395/1077 1261/1396/1077 1269/1403/1077 1268/1402/1077
f 1261/1396/1078 1262/1397/1078 1270/1404/1078 1269/1403/1078
f 1262/1397/1079 1263/1303/1079 1271/1304/1079 1270/1404/1079
f 1264/1399/1080 1265/1398/1080 1273/1405/1080 1272/1406/1080
f 1265/1398/1081 1266/1400/1081 1274/1407/1081 1273/1405/1081
f 1266/1400/1082 1267/1401/1082 1275/1408/1082 1274/1407/1082
f 1267/1401/1083 1268/1402/1083 1276/1409/1083 1275/1408/1083
f 1268/1402/1084 1269/1403/1084 1277/1410/1084 1276/1409/1084
f 1269/1403/1085 1270/1404/1085 1278/1411/1085 1277/1410/1085
f 1270/1404/1086 1271/1304/1086 1279/1305/1086 1278/1411/1086
f 1272/1406/1087 1273/1405/1087 1184/1322/1087 1176/1321/1087
f 1273/1405/1088 1274/1407/1088 1192/1330/1088 1184/1322/1088
f 1274/1407/1089 1275/1408/1089 1200/1338/1089 1192/1330/1089
f 1275/1408/1090 1276/1409/1090 1208/1346/1090 1200/1338/1090
f 1276/1409/1091 1277/1410/1091 1216/1354/1091 1208/1346/1091
f 1277/1410/1092 1278/1411/1092 1224/1362/1092 1216/1354/1092
f 1278/1411/1093 1279/1305/1093 1169/1306/1093 1224/1362/1093
f 1280/1412/1094 1283/1413/1094 1291/1414/1094 1290/1415/1094
f 1283/1413/1095 1284/1416/1095 1292/1417/1095 1291/1414/1095
f 1284/1416/1096 1285/1418/1096 1293/1419/1096 1292/1417/1096
f 1285/1418/1097 1286/1420/1097 1294/1421/1097 1293/1419/1097
f 1286/1420/1098 1287/1422/1098 1295/1423/1098 1294/1421/1098
f 1287/1422/1099 1288/1424/1099 1296/1425/1099 1295/1423/1099
f 1288/1424/1100 1289/1426/1100 1297/1427/1100 1296/1425/1100
f 1290/1415/1101 1291/1414/1101 1299/1428/1101 1298/1429/1101
f 1291/1414/1102 1292/1417/1102 1300/1430/1102 1299/1428/1102
f 1292/1417/1103 1293/1419/1103 1301/1431/1103 1300/1430/1103
f 1293/1419/1104 1294/1421/1104 1302/1432/1104 1301/1431/1104
f 1294/1421/1105 1295/1423/1105 1303/1433/1105 1302/1432/1105
f 1295/1423/1106 1296/1425/1106 1304/1434/1106 1303/1433/1106
f 1296/1425/1107 1297/1427/1107 1305/1435/1107 1304/1434/1107
f 1298/1429/1108 1299/1428/1108 1307/1436/1108 1306/1437/1108
f 1299/1428/1109 1300/1430/1109 1308/1438/1109 1307/1436/1109
f 1300/1430/1110 1301/1431/1110 1309/1439/1110 1308/1438/1110
f 1301/1431/1111 1302/1432/1111 1310/1440/1111 1309/1439/1111
f 1302/1432/1112 1303/1433/1112 1311/1441/1112 1310/1440/1112
f 1303/1433/1113 1304/1434/1113 1312/1442/1113 1311/1441/1113
f 1304/1434/1114 1305/1435/1114 1313/1443/1114 1312/1442/1114
f 1306/1437/1115 1307/1436/1115 1315/1444/1115 1314/1445/1115
f 1307/1436/1116 1308/1438/1116 1316/1446/1116 1315/1444/1116
f 1308/1438/1117 1309/1439/1117 1317/1447/1117 1316/1446/1117
f 1309/1439/1118 1310/1440/1118 1318/1448/1118 1317/1447/1118
f 1310/1440/1119 1311/1441/1119 1319/1449/1119 1318/1448/1119
f 1311/1441/1120 1312/1442/1120 1320/1450/1120 1319/1449/1120
f 1312/1442/1121 1313/1443/1121 1321/1451/1121 1320/1450/1121
f 1314/1445/1122 1315/1444/1122 1323/1452/1122 1322/1453/1122
f 1315/1444/1123 1316/1446/1123 1324/1454/1123 1323/1452/1123
f 1316/1446/1124 1317/1447/1124 1325/1455/1124 1324/1454/1124
f 1317/1447/1125 1318/1448/1125 1326/1456/1125 1325/1455/1125
f 1318/1448/1126 1319/1449/1126 1327/1457/1126 1326/1456/1126
f 1319/1449/1127 1320/1450/1127 1328/1458/1127 1327/1457/1127
f 1320/1450/1128 1321/1451/1128 1329/1459/1128 1328/1458/1128
f 1322/1453/1129 1323/1452/1129 1331/1460/1129 1330/1461/1129
f 1323/1452/1130 1324/1454/1130 1332/1462/1130 1331/1460/1130
f 1324/1454/1131 1325/1455/1131 1333/1463/1131 1332/1462/1131
f 1325/1455/1132 1326/1456/1132 1334/1464/1132 1333/1463/1132
f 1326/1456/1133 1327/1457/1133 1335/1465/1133 1334/1464/1133
f 1327/1457/1134 1328/1458/1134 1336/1466/1134 1335/1465/1134
f 1328/1458/1135 1329/1459/1135 1337/1467/1135 1336/1466/1135
f 1330/1461/1136 1331/1460/1136 1408/1468/1136 1400/1469/1136
f 1331/1460/1137 1332/1462/1137 1416/1470/1137 1408/1468/1137
f 1332/1462/1138 1333/1463/1138 1424/1471/1138 1416/1470/1138
f 1333/1463/1139 1334/1464/1139 1432/1472/1139 1424/1471/1139
f 1334/1464/1140 1335/1465/1140 1440/1473/1140 1432/1472/1140
f 1335/1465/1141 1336/1466/1141 1448/1474/1141 1440/1473/1141
f 1336/1466/1142 1337/1467/1142 1338/1475/1142 1448/1474/1142
f 1281/1476/1143 1339/1477/1143 1347/1478/1143 1346/1479/1143
f 1339/1477/1144 1340/1480/1144 1348/1481/1144 1347/1478/1144
f 1340/1480/1145 1341/1482/1145 1349/1483/1145 1348/1481/1145
f 1341/1482/1146 1342/1484/1146 1350/1485/1146 1349/1483/1146
f 1342/1484/1147 1343/1486/1147 1351/1487/1147 1350/1485/1147
f 1343/1486/1148 1344/1488/1148 1352/1489/1148 1351/1487/1148
f 1344/1488/1149 1345/1490/1149 1353/1491/1149 1352/1489/1149
f 1346/1479/1150 1347/1478/1150 1355/1492/1150 1354/1493/1150
f 1347/1478/1151 1348/1481/1151 1356/1494/1151 1355/1492/1151
f 1348/1481/1152 1349/1483/1152 1357/1495/1152 1356/1494/1152
f 1349/1483/1153 1350/1485/1153 1358/1496/1153 1357/1495/1153
f 1350/1485/1154 1351/1487/1154 1359/1497/1154 1358/1496/1154
f 1351/1487/1155 1352/1489/1155 1360/1498/1155 1359/1497/1155
f 1352/1489/1156 1353/1491/1156 1361/1499/1156 1360/1498/1156
f 1354/1493/1157 1355/1492/1157 1363/1500/1157 1362/1501/1157
f 1355/1492/1158 1356/1494/1158 1364/1502/1158 1363/1500/1158
f 1356/1494/1159 1357/1495/1159 1365/1503/1159 1364/1502/1159
f 1357/1495/1160 1358/1496/1160 1366/1504/1160 1365/1503/1160
f 1358/1496/1161 1359/1497/1161 1367/1505/1161 1366/1504/1161
f 1359/1497/1162 1360/1498/1162 1368/1506/1162 1367/1505/1162
f 1360/1498/1163 1361/1499/1163 1369/1507/1163 1368/1506/1163
f 1362/1501/1164 1363/1500/1164 1371/1508/1164 1370/1509/1164
f 1363/1500/1165 1364/1502/1165 1372/1510/1165 1371/1508/1165
f 1364/1502/1166 1365/1503/1166 1373/1511/1166 1372/1510/1166
f 1365/1503/1167 1366/1504/1167 1374/1512/1167 1373/1511/1167
f 1366/1504/1168 1367/1505/1168 1375/1513/1168 1374/1512/1168
f 1367/1505/1169 1368/1506/1169 1376/1514/1169 1375/1513/1169
f 1368/1506/1170 1369/1507/1170 1377/1515/1170 1376/1514/1170
f 1370/1509/1171 1371/1508/1171 1379/1516/1171 1378/1517/1171
f 1371/1508/1172 1372/1510/1172 1380/1518/1172 1379/1516/1172
f 1372/1510/1173 1373/1511/1173 1381/1519/1173 1380/1518/1173
f 1373/1511/1174 1374/1512/1174 1382/1520/1174 1381/1519/1174
f 1374/1512/1175 1375/1513/1175 1383/1521/1175 1382/1520/1175
f 1375/1513/1176 1376/1514/1176 1384/1522/1176 1383/1521/1176
f 1376/1514/1177 1377/1515/1177 1385/1523/1177 1384/1522/1177
f 1378/1517/1178 1379/1516/1178 1387/1524/1178 1386/1525/1178
f 1379/1516/1179 1380/1518/1179 1388/1526/1179 1387/1524/1179
f 1380/1518/1180 1381/1519/1180 1389/1527/1180 1388/1526/1180
f 1381/1519/1181 1382/1520/1181 1390/1528/1181 1389/1527/1181
f 1382/1520/1182 1383/1521/1182 1391/1529/1182 1390/1528/1182
f 1383/1521/1183 1384/1522/1183 1392/1530/1183 1391/1529/1183
f 1384/1522/1184 1385/1523/1184 1393/1531/1184 1392/1530/1184
f 1386/1525/1185 1387/1524/1185 1297/1427/1185 1289/1426/1185
f 1387/1524/1186 1388/1526/1186 1305/1435/1186 1297/1427/1186
f 1388/1526/1187 1389/1527/1187 1313/1443/1187 1305/1435/1187
f 1389/1527/1188 1390/1528/1188 1321/1451/1188 1313/1443/1188
f 1390/1528/1189 1391/1529/1189 1329/1459/1189 1321/1451/1189
f 1391/1529/1190 1392/1530/1190 1337/1467/1190 1329/1459/1190
f 1392/1530/1191 1393/1531/1191 1338/1475/1191 1337/1467/1191
f 1282/1532/1192 1394/1533/1192 1402/1534/1192 1401/1535/1192
f 1394/1533/1193 1395/1536/1193 1403/1537/1193 1402/1534/1193
f 1395/1536/1194 1396/1538/1194 1404/1539/1194 1403/1537/1194
f 1396/1538/1195 1397/1540/1195 1405/1541/1195 1404/1539/1195
f 1397/1540/1196 1398/1542/1196 1406/1543/1196 1405/1541/1196
f 1398/1542/1197 1399/1544/1197 1407/1545/1197 1406/1543/1197
f 1399/1544/1198 1400/1469/1198 1408/1468/1198 1407/1545/1198
f 1401/1535/1199 1402/1534/1199 1410/1546/1199 1409/1547/1199
f 1402/1534/1200 1403/1537/1200 1411/1548/1200 1410/1546/1200
f 1403/1537/1201 1404/1539/1201 1412/1549/1201 1411/1548/1201
f 1404/1539/1202 1405/1541/1202 1413/1550/1202 1412/1549/1202
f 1405/1541/1203 1406/1543/1203 1414/1551/1203 1413/1550/1203
f 1406/1543/1204 1407/1545/1204 1415/1552/1204 1414/1551/1204
f 1407/1545/1205 1408/1468/1205 1416/1470/1205 1415/1552/1205
f 1409/1547/1206 1410/1546/1206 1418/1553/1206 1417/1554/1206
f 1410/1546/1207 1411/1548/1207 1419/1555/1207 1418/1553/1207
f 1411/1548/1208 1412/1549/1208 1420/1556/1208 1419/1555/1208
f 1412/1549/1209 1413/1550/1209 1421/1557/1209 1420/1556/1209
f 1413/1550/1210 1414/1551/1210 1422/1558/1210 1421/1557/1210
f 1414/1551/1211 1415/1552/1211 1423/1559/1211 1422/1558/1211
f 1415/1552/1212 1416/1470/1212 1424/1471/1212 1423/1559/1212
f 1417/1554/1213 1418/1553/1213 1426/1560/1213 1425/1561/1213
f 1418/1553/1214 1419/1555/1214 1427/1562/1214 1426/1560/1214
f 1419/1555/1215 1420/1556/1215 1428/1563/1215 1427/1562/1215
f 1420/1556/1216 1421/1557/1216 1429/1564/1216 1428/1563/1216
f 1421/1557/1217 1422/1558/1217 1430/1565/1217 1429/1564/1217
f 1422/1558/1218 1423/1559/1218 1431/1566/1218 1430/1565/1218
f 1423/1559/1219 1424/1471/1219 1432/1472/1219 1431/1566/1219
f 1425/1561/1220 1426/1560/1220 1434/1567/1220 1433/1568/1220
f 1426/1560/1221 1427/1562/1221 1435/1569/1221 1434/1567/1221
f 1427/1562/1222 1428/1563/1222 1436/1570/1222 1435/1569/1222
f 1428/1563/1223 1429/1564/1223 1437/1571/1223 1436/1570/1223
f 1429/1564/1224 1430/1565/1224 1438/1572/1224 1437/1571/1224
f 1430/1565/1225 1431/1566/1225 1439/1573/1225 1438/1572/1225
f 1431/1566/1226 1432/1472/1226 1440/1473/1226 1439/1573/1226
f 1433/1568/1227 1434/1567/1227 1442/1574/1227 1441/1575/1227
f 1434/1567/1228 1435/1569/1228 1443/1576/1228 1442/1574/1228
f 1435/1569/1229 1436/1570/1229 1444/1577/1229 1443/1576/1229
f 1436/1570/1230 1437/1571/1230 1445/1578/1230 1444/1577/1230
f 1437/1571/1231 1438/1572/1231 1446/1579/1231 1445/1578/1231
f 1438/1572/1232 1439/1573/1232 1447/1580/1232 1446/1579/1232
f 1439/1573/1233 1440/1473/1233 1448/1474/1233 1447/1580/1233
f 1441/1575/1234 1442/1574/1234 1353/1491/1234 1345/1490/1234
f 1442/1574/1235 1443/1576/1235 1361/1499/1235 1353/1491/1235
f 1443/1576/1236 1444/1577/1236 1369/1507/1236 1361/1499/1236
f 1444/1577/1237 1445/1578/1237 1377/1515/1237 1369/1507/1237
f 1445/1578/1238 1446/1579/1238 1385/1523/1238 1377/1515/1238
f 1446/1579/1239 1447/1580/1239 1393/1531/1239 1385/1523/1239
f 1447/1580/1240 1448/1474/1240 1338/1475/1240 1393/1531/1240
f 435/537/1241 97/153/1241 107/156/1241 438/538/1241
f 438/538/1242 107/156/1242 115/170/1242 439/541/1242
f 439/541/1243 115/170/1243 123/178/1243 440/543/1243
f 440/543/1244 123/178/1244 131/186/1244 441/545/1244
f 441/545/1245 131/186/1245 139/194/1245 442/547/1245
f 442/547/1246 139/194/1246 147/202/1246 443/549/1246
f 443/549/1247 147/202/1247 217/210/1247 444/551/1247
f 444/658/1248 217/295/1248 216/293/1248 541/650/1248
f 541/650/1249 216/293/1249 215/291/1249 533/642/1249
f 533/642/1250 215/291/1250 214/289/1250 525/634/1250
f 525/634/1251 214/289/1251 213/287/1251 517/626/1251
f 517/626/1252 213/287/1252 212/285/1252 509/618/1252
f 509/618/1253 212/285/1253 211/282/1253 501/604/1253
f 501/604/1254 211/282/1254 99/281/1254 436/601/1254
f 98/217/1255 266/345/1255 276/348/1255 156/218/1255
f 156/218/1256 276/348/1256 284/362/1256 157/221/1256
f 157/221/1257 284/362/1257 292/370/1257 158/223/1257
f 158/223/1258 292/370/1258 300/378/1258 159/225/1258
f 159/225/1259 300/378/1259 308/386/1259 160/227/1259
f 160/227/1260 308/386/1260 316/394/1260 161/229/1260
f 161/229/1261 316/394/1261 386/402/1261 162/231/1261
f 162/338/1262 386/487/1262 385/485/1262 258/330/1262
f 258/330/1263 385/485/1263 384/483/1263 250/322/1263
f 250/322/1264 384/483/1264 383/481/1264 242/314/1264
f 242/314/1265 383/481/1265 382/479/1265 234/306/1265
f 234/306/1266 382/479/1266 381/477/1266 226/298/1266
f 226/298/1267 381/477/1267 380/474/1267 218/284/1267
f 218/284/1268 380/474/1268 268/473/1268 99/281/1268
f 267/409/1269 604/721/1269 614/724/1269 325/410/1269
f 325/410/1270 614/724/1270 622/738/1270 326/413/1270
f 326/413/1271 622/738/1271 630/746/1271 327/415/1271
f 327/415/1272 630/746/1272 638/754/1272 328/417/1272
f 328/417/1273 638/754/1273 646/762/1273 329/419/1273
f 329/419/1274 646/762/1274 654/770/1274 330/421/1274
f 330/421/1275 654/770/1275 724/778/1275 331/423/1275
f 331/530/1276 724/863/1276 723/861/1276 427/522/1276
f 427/522/1277 723/861/1277 722/859/1277 419/514/1277
f 419/514/1278 722/859/1278 721/857/1278 411/506/1278
f 411/506/1279 721/857/1279 720/855/1279 403/498/1279
f 403/498/1280 720/855/1280 719/853/1280 395/490/1280
f 395/490/1281 719/853/1281 718/850/1281 387/476/1281
f 387/476/1282 718/850/1282 606/849/1282 268/473/1282
f 605/785/1283 437/665/1283 556/668/1283 663/786/1283
f 663/786/1284 556/668/1284 564/682/1284 664/789/1284
f 664/789/1285 564/682/1285 572/690/1285 665/791/1285
f 665/791/1286 572/690/1286 580/698/1286 666/793/1286
f 666/793/1287 580/698/1287 588/706/1287 667/795/1287
f 667/795/1288 588/706/1288 596/714/1288 668/797/1288
f 668/797/1289 596/714/1289 500/615/1289 669/799/1289
f 669/799/1290 500/615/1290 499/613/1290 765/898/1290
f 765/898/1291 499/613/1291 498/611/1291 757/890/1291
f 757/890/1292 498/611/1292 497/609/1292 749/882/1292
f 749/882/1293 497/609/1293 496/607/1293 741/874/1293
f 741/874/1294 496/607/1294 495/605/1294 733/866/1294
f 733/866/1295 495/605/1295 494/602/1295 725/852/1295
f 725/852/1296 494/602/1296 436/601/1296 606/849/1296
f 1111/1243/1297 435/537/1297 445/540/1297 1114/1244/1297
f 1114/1244/1298 445/540/1298 453/554/1298 1115/1247/1298
f 1115/1247/1299 453/554/1299 461/562/1299 1116/1249/1299
f 1116/1249/1300 461/562/1300 469/570/1300 1117/1251/1300
f 1117/1251/1301 469/570/1301 477/578/1301 1118/1253/1301
f 1118/1253/1302 477/578/1302 485/586/1302 1119/1255/1302
f 1119/1255/1303 485/586/1303 555/594/1303 1120/1257/1303
f 1120/1257/1304 555/679/1304 554/677/1304 1217/1356/1304
f 1217/1356/1305 554/677/1305 553/675/1305 1209/1348/1305
f 1209/1348/1306 553/675/1306 552/673/1306 1201/1340/1306
f 1201/1340/1307 552/673/1307 551/671/1307 1193/1332/1307
f 1193/1332/1308 551/671/1308 550/669/1308 1185/1324/1308
f 1185/1324/1309 550/669/1309 549/666/1309 1177/1310/1309
f 1177/1310/1310 549/666/1310 437/665/1310 1112/1307/1310
f 604/721/1311 1280/1412/1311 1290/1415/1311 607/722/1311
f 607/722/1312 1290/1415/1312 1298/1429/1312 608/725/1312
f 608/725/1313 1298/1429/1313 1306/1437/1313 609/727/1313
f 609/727/1314 1306/1437/1314 1314/1445/1314 610/729/1314
f 610/729/1315 1314/1445/1315 1322/1453/1315 611/731/1315
f 611/731/1316 1322/1453/1316 1330/1461/1316 612/733/1316
f 612/733/1317 1330/1461/1317 1400/1469/1317 613/735/1317
f 613/842/1318 1400/1469/1318 1399/1544/1318 710/834/1318
f 710/834/1319 1399/1544/1319 1398/1542/1319 702/826/1319
f 702/826/1320 1398/1542/1320 1397/1540/1320 694/818/1320
f 694/818/1321 1397/1540/1321 1396/1538/1321 686/810/1321
f 686/810/1322 1396/1538/1322 1395/1536/1322 678/802/1322
f 678/802/1323 1395/1536/1323 1394/1533/1323 670/788/1323
f 670/788/1324 1394/1533/1324 1282/1532/1324 605/785/1324
f 1281/1476/1325 1113/1363/1325 1232/1366/1325 1339/1477/1325
f 1339/1477/1326 1232/1366/1326 1240/1378/1326 1340/1480/1326
f 1340/1480/1327 1240/1378/1327 1248/1385/1327 1341/1482/1327
f 1341/1482/1328 1248/1385/1328 1256/1392/1328 1342/1484/1328
f 1342/1484/1329 1256/1392/1329 1264/1399/1329 1343/1486/1329
f 1343/1486/1330 1264/1399/1330 1272/1406/1330 1344/1488/1330
f 1344/1488/1331 1272/1406/1331 1176/1321/1331 1345/1490/1331
f 1345/1490/1332 1176/1321/1332 1175/1319/1332 1441/1575/1332
f 1441/1575/1333 1175/1319/1333 1174/1317/1333 1433/1568/1333
f 1433/1568/1334 1174/1317/1334 1173/1315/1334 1425/1561/1334
f 1425/1561/1335 1173/1315/1335 1172/1313/1335 1417/1554/1335
f 1417/1554/1336 1172/1313/1336 1171/1311/1336 1409/1547/1336
f 1409/1547/1337 1171/1311/1337 1170/1308/1337 1401/1535/1337
f 1401/1535/1338 1170/1308/1338 1112/1307/1338 1282/1532/1338
f 773/905/1339 1111/1243/1339 1121/1246/1339 776/906/1339
f 776/906/1340 1121/1246/1340 1129/1260/1340 777/909/1340
f 777/909/1341 1129/1260/1341 1137/1268/1341 778/911/1341
f 778/911/1342 1137/1268/1342 1145/1276/1342 779/913/1342
f 779/913/1343 1145/1276/1343 1153/1284/1343 780/915/1343
f 780/915/1344 1153/1284/1344 1161/1292/1344 781/917/1344
f 781/917/1345 1161/1292/1345 1231/1300/1345 782/919/1345
f 782/919/1346 1231/1300/1346 1230/1375/1346 879/1018/1346
f 879/1018/1347 1230/1375/1347 1229/1373/1347 871/1010/1347
f 871/1010/1348 1229/1373/1348 1228/1371/1348 863/1002/1348
f 863/1002/1349 1228/1371/1349 1227/1369/1349 855/994/1349
f 855/994/1350 1227/1369/1350 1226/1367/1350 847/986/1350
f 847/986/1351 1226/1367/1351 1225/1364/1351 839/972/1351
f 839/972/1352 1225/1364/1352 1113/1363/1352 774/969/1352
f 1280/1412/1353 942/1074/1353 952/1077/1353 1283/1413/1353
f 1283/1413/1354 952/1077/1354 960/1091/1354 1284/1416/1354
f 1284/1416/1355 960/1091/1355 968/1099/1355 1285/1418/1355
f 1285/1418/1356 968/1099/1356 976/1107/1356 1286/1420/1356
f 1286/1420/1357 976/1107/1357 984/1115/1357 1287/1422/1357
f 1287/1422/1358 984/1115/1358 992/1123/1358 1288/1424/1358
f 1288/1424/1359 992/1123/1359 1062/1131/1359 1289/1426/1359
f 1289/1426/1360 1062/1131/1360 1061/1206/1360 1386/1525/1360
f 1386/1525/1361 1061/1206/1361 1060/1204/1361 1378/1517/1361
f 1378/1517/1362 1060/1204/1362 1059/1202/1362 1370/1509/1362
f 1370/1509/1363 1059/1202/1363 1058/1200/1363 1362/1501/1363
f 1362/1501/1364 1058/1200/1364 1057/1198/1364 1354/1493/1364
f 1354/1493/1365 1057/1198/1365 1056/1195/1365 1346/1479/1365
f 1346/1479/1366 1056/1195/1366 944/1194/1366 1281/1476/1366
f 943/1138/1367 775/1025/1367 894/1028/1367 1001/1139/1367
f 1001/1139/1368 894/1028/1368 902/1040/1368 1002/1142/1368
f 1002/1142/1369 902/1040/1369 910/1047/1369 1003/1144/1369
f 1003/1144/1370 910/1047/1370 918/1054/1370 1004/1146/1370
f 1004/1146/1371 918/1054/1371 926/1061/1371 1005/1148/1371
f 1005/1148/1372 926/1061/1372 934/1068/1372 1006/1150/1372
f 1006/1150/1373 934/1068/1373 838/983/1373 1007/1152/1373
f 1007/1152/1374 838/983/1374 837/981/1374 1103/1237/1374
f 1103/1237/1375 837/981/1375 836/979/1375 1095/1230/1375
f 1095/1230/1376 836/979/1376 835/977/1376 1087/1223/1376
f 1087/1223/1377 835/977/1377 834/975/1377 1079/1216/1377
f 1079/1216/1378 834/975/1378 833/973/1378 1071/1209/1378
f 1071/1209/1379 833/973/1379 832/970/1379 1063/1197/1379
f 1063/1197/1380 832/970/1380 774/969/1380 944/1194/1380
f 97/153/1381 773/905/1381 783/908/1381 100/154/1381
f 100/154/1382 783/908/1382 791/922/1382 101/157/1382
f 101/157/1383 791/922/1383 799/930/1383 102/159/1383
f 102/159/1384 799/930/1384 807/938/1384 103/161/1384
f 103/161/1385 807/938/1385 815/946/1385 104/163/1385
f 104/163/1386 815/946/1386 823/954/1386 105/165/1386
f 105/165/1387 823/954/1387 893/962/1387 106/167/1387
f 106/274/1388 893/962/1388 892/1037/1388 203/266/1388
f 203/266/1389 892/1037/1389 891/1035/1389 195/258/1389
f 195/258/1390 891/1035/1390 890/1033/1390 187/250/1390
f 187/250/1391 890/1033/1391 889/1031/1391 179/242/1391
f 179/242/1392 889/1031/1392 888/1029/1392 171/234/1392
f 171/234/1393 888/1029/1393 887/1026/1393 163/220/1393
f 163/220/1394 887/1026/1394 775/1025/1394 98/217/1394
f 942/1074/1395 267/409/1395 332/412/1395 945/1075/1395
f 945/1075/1396 332/412/1396 340/426/1396 946/1078/1396
f 946/1078/1397 340/426/1397 348/434/1397 947/1080/1397
f 947/1080/1398 348/434/1398 356/442/1398 948/1082/1398
f 948/1082/1399 356/442/1399 364/450/1399 949/1084/1399
f 949/1084/1400 364/450/1400 372/458/1400 950/1086/1400
f 950/1086/1401 372/458/1401 275/466/1401 951/1088/1401
f 951/1088/1402 275/359/1402 274/357/1402 1048/1187/1402
f 1048/1187/1403 274/357/1403 273/355/1403 1040/1179/1403
f 1040/1179/1404 273/355/1404 272/353/1404 1032/1171/1404
f 1032/1171/1405 272/353/1405 271/351/1405 1024/1163/1405
f 1024/1163/1406 271/351/1406 270/349/1406 1016/1155/1406
f 1016/1155/1407 270/349/1407 269/346/1407 1008/1141/1407
f 1008/1141/1408 269/346/1408 266/345/1408 943/1138/1408
f 435/537/1409 1111/1243/1409 773/905/1409 97/153/1409
f 99/281/1410 268/473/1410 606/849/1410 436/601/1410
f 775/1025/1411 943/1138/1411 266/345/1411 98/217/1411
f 1280/1412/1412 604/721/1412 267/409/1412 942/1074/1412
f 437/665/1413 605/785/1413 1282/1532/1413 1112/1307/1413
f 1113/1363/1414 1281/1476/1414 944/1194/1414 774/969/1414
o Cube.061
v 0.878840 10.034012 1.250943
v 0.878840 10.085327 1.250943
v 0.862245 10.034012 1.290104
v 0.862245 10.085327 1.290104
v 0.233267 10.034012 0.977372
v 0.233267 10.085327 0.977372
v 0.216672 10.034012 1.016534
v 0.216672 10.085327 1.016534
v 0.651358 10.074561 1.200738
v 0.651358 10.085327 1.200738
v 0.667954 10.074561 1.161577
v 0.667954 10.124851 1.161577
v 0.434015 10.085327 1.108636
v 0.450611 10.074561 1.069474
v 0.434015 10.074561 1.108636
v 0.450611 10.124851 1.069474
vn 0.9207 -0.0000 0.3902
vn -0.3902 -0.0000 0.9207
vn -0.9207 -0.0000 -0.3902
vn 0.3902 -0.0000 -0.9207
vn 0.1559 -0.9856 0.0661
vn -0.0921 0.9041 0.4172
vn -0.2656 0.7325 0.6268
vn -0.1605 -0.9847 -0.0680
vn -0.2336 0.9043 0.3573
vn -0.0000 -1.0000 -0.0000
vt 0.375000 0.000000
vt 0.625000 0.000000
vt 0.625000 0.250000
vt 0.375000 0.250000
vt 0.375000 0.415833
vt 0.625000 0.415833
vt 0.625000 0.500000
vt 0.375000 0.500000
vt 0.625000 0.750000
vt 0.375000 0.750000
vt 0.375000 0.918334
vt 0.625000 0.918334
vt 0.625000 1.000000
vt 0.375000 1.000000
vt 0.290833 0.500000
vt 0.290833 0.750000
vt 0.793334 0.500000
vt 0.875000 0.500000
vt 0.875000 0.750000
vt 0.793334 0.750000
vt 0.709167 0.500000
vt 0.709167 0.750000
vt 0.125000 0.500000
vt 0.206666 0.500000
vt 0.206666 0.750000
vt 0.125000 0.750000
vt 0.375000 0.834167
vt 0.625000 0.834167
vt 0.625000 0.331666
vt 0.375000 0.331666
s 0
usemtl Material.027
f 1449/1581/1415 1450/1582/1415 1452/1583/1415 1451/1584/1415
f 1463/1585/1416 1461/1586/1416 1456/1587/1416 1455/1588/1416
f 1455/1588/1417 1456/1587/1417 1454/1589/1417 1453/1590/1417
f 1459/1591/1418 1460/1592/1418 1450/1593/1418 1449/1594/1418
f 1463/1595/1419 1455/1588/1419 1453/1590/1419 1462/1596/1419
f 1458/1597/1420 1452/1598/1420 1450/1599/1420 1460/1600/1420
f 1461/1601/1421 1458/1597/1421 1460/1600/1421 1464/1602/1421
f 1451/1603/1422 1457/1604/1422 1459/1605/1422 1449/1606/1422
f 1462/1607/1418 1464/1608/1418 1460/1592/1418 1459/1591/1418
f 1451/1584/1416 1452/1583/1416 1458/1609/1416 1457/1610/1416
f 1453/1590/1418 1454/1589/1418 1464/1608/1418 1462/1607/1418
f 1456/1587/1423 1461/1601/1423 1464/1602/1423 1454/1589/1423
f 1457/1604/1424 1463/1595/1424 1462/1596/1424 1459/1605/1424
f 1457/1610/1416 1458/1609/1416 1461/1586/1416 1463/1585/1416
o Cube.062
v 0.874931 10.361782 1.260167
v 0.869533 10.411197 1.272905
v 0.858951 10.350314 1.297878
v 0.853553 10.399729 1.310617
v 0.229359 10.361782 0.986596
v 0.223961 10.411197 0.999335
v 0.213378 10.350314 1.024308
v 0.207980 10.399729 1.037046
v 0.643799 10.389361 1.218578
v 0.642666 10.399729 1.221250
v 0.659779 10.400828 1.180866
v 0.654489 10.449257 1.193350
v 0.425323 10.399729 1.129148
v 0.442436 10.400828 1.088764
v 0.426455 10.389361 1.126476
v 0.437146 10.449257 1.101248
vn 0.9207 -0.0000 0.3902
vn -0.3757 -0.2696 0.8866
vn -0.9207 -0.0000 -0.3902
vn 0.3757 0.2696 -0.8866
vn 0.2596 -0.9491 -0.1786
vn -0.1811 0.7574 0.6273
vn -0.3328 0.5219 0.7854
vn -0.0569 -0.9482 -0.3125
vn -0.3227 0.7575 0.5675
vn 0.1052 -0.9630 -0.2482
vt 0.375000 0.000000
vt 0.625000 0.000000
vt 0.625000 0.250000
vt 0.375000 0.250000
vt 0.375000 0.415833
vt 0.625000 0.415833
vt 0.625000 0.500000
vt 0.375000 0.500000
vt 0.625000 0.750000
vt 0.375000 0.750000
vt 0.375000 0.918334
vt 0.625000 0.918334
vt 0.625000 1.000000
vt 0.375000 1.000000
vt 0.290833 0.500000
vt 0.290833 0.750000
vt 0.793334 0.500000
vt 0.875000 0.500000
vt 0.875000 0.750000
vt 0.793334 0.750000
vt 0.709167 0.500000
vt 0.709167 0.750000
vt 0.125000 0.500000
vt 0.206666 0.500000
vt 0.206666 0.750000
vt 0.125000 0.750000
vt 0.375000 0.834167
vt 0.625000 0.834167
vt 0.625000 0.331666
vt 0.375000 0.331666
s 0
usemtl Material.028
f 1465/1611/1425 1466/1612/1425 1468/1613/1425 1467/1614/1425
f 1479/1615/1426 1477/1616/1426 1472/1617/1426 1471/1618/1426
f 1471/1618/1427 1472/1617/1427 1470/1619/1427 1469/1620/1427
f 1475/1621/1428 1476/1622/1428 1466/1623/1428 1465/1624/1428
f 1479/1625/1429 1471/1618/1429 1469/1620/1429 1478/1626/1429
f 1474/1627/1430 1468/1628/1430 1466/1629/1430 1476/1630/1430
f 1477/1631/1431 1474/1627/1431 1476/1630/1431 1480/1632/1431
f 1467/1633/1432 1473/1634/1432 1475/1635/1432 1465/1636/1432
f 1478/1637/1428 1480/1638/1428 1476/1622/1428 1475/1621/1428
f 1467/1614/1426 1468/1613/1426 1474/1639/1426 1473/1640/1426
f 1469/1620/1428 1470/1619/1428 1480/1638/1428 1478/1637/1428
f 1472/1617/1433 1477/1631/1433 1480/1632/1433 1470/1619/1433
f 1473/1634/1434 1479/1625/1434 1478/1626/1434 1475/1635/1434
f 1473/1640/1426 1474/1639/1426 1477/1616/1426 1479/1615/1426
o Cube.063
v 0.857270 10.625820 1.301845
v 0.851872 10.675235 1.314583
v 0.841289 10.614352 1.339556
v 0.835891 10.663767 1.352295
v 0.211697 10.625820 1.028274
v 0.206299 10.675235 1.041013
v 0.195716 10.614352 1.065986
v 0.190318 10.663767 1.078724
v 0.626137 10.653399 1.260256
v 0.625004 10.663767 1.262928
v 0.642118 10.664866 1.222544
v 0.636827 10.713295 1.235029
v 0.407661 10.663767 1.170826
v 0.424775 10.664866 1.130442
v 0.408794 10.653399 1.168154
v 0.419484 10.713295 1.142926
vn 0.9207 -0.0000 0.3902
vn -0.3757 -0.2696 0.8866
vn -0.9207 -0.0000 -0.3902
vn 0.3757 0.2696 -0.8866
vn 0.2596 -0.9491 -0.1786
vn -0.1811 0.7574 0.6273
vn -0.3328 0.5219 0.7854
vn -0.0569 -0.9482 -0.3125
vn -0.3227 0.7575 0.5675
vn 0.1052 -0.9630 -0.2482
vt 0.375000 0.000000
vt 0.625000 0.000000
vt 0.625000 0.250000
vt 0.375000 0.250000
vt 0.375000 0.415833
vt 0.625000 0.415833
vt 0.625000 0.500000
vt 0.375000 0.500000
vt 0.625000 0.750000
vt 0.375000 0.750000
vt 0.375000 0.918334
vt 0.625000 0.918334
vt 0.625000 1.000000
vt 0.375000 1.000000
vt 0.290833 0.500000
vt 0.290833 0.750000
vt 0.793334 0.500000
vt 0.875000 0.500000
vt 0.875000 0.750000
vt 0.793334 0.750000
vt 0.709167 0.500000
vt 0.709167 0.750000
vt 0.125000 0.500000
vt 0.206666 0.500000
vt 0.206666 0.750000
vt 0.125000 0.750000
vt 0.375000 0.834167
vt 0.625000 0.834167
vt 0.625000 0.331666
vt 0.375000 0.331666
s 0
usemtl Material.029
f 1481/1641/1435 1482/1642/1435 1484/1643/1435 1483/1644/1435
f 1495/1645/1436 1493/1646/1436 1488/1647/1436 1487/1648/1436
f 1487/1648/1437 1488/1647/1437 1486/1649/1437 1485/1650/1437
f 1491/1651/1438 1492/1652/1438 1482/1653/1438 1481/1654/1438
f 1495/1655/1439 1487/1648/1439 1485/1650/1439 1494/1656/1439
f 1490/1657/1440 1484/1658/1440 1482/1659/1440 1492/1660/1440
f 1493/1661/1441 1490/1657/1441 1492/1660/1441 1496/1662/1441
f 1483/1663/1442 1489/1664/1442 1491/1665/1442 1481/1666/1442
f 1494/1667/1438 1496/1668/1438 1492/1652/1438 1491/1651/1438
f 1483/1644/1436 1484/1643/1436 1490/1669/1436 1489/1670/1436
f 1485/1650/1438 1486/1649/1438 1496/1668/1438 1494/1667/1438
f 1488/1647/1443 1493/1661/1443 1496/1662/1443 1486/1649/1443
f 1489/1664/1444 1495/1655/1444 1494/1656/1444 1491/1665/1444
f 1489/1670/1436 1490/1669/1436 1493/1646/1436 1495/1645/1436
